Date,Close,Open,Volume
2018-08-08,107.0,108.0,6857700
2018-08-09,104.0999984741211,105.30000305175781,1315600
2018-08-10,104.0,104.9000015258789,1293400
2018-08-13,99.94999694824219,100.0,1954202
2018-08-14,97.9000015258789,98.19999694824219,1368702
2018-08-15,100.0,102.0,742300
2018-08-16,97.05000305175781,97.0,503813
2018-08-17,93.19999694824219,96.3499984741211,904000
2018-08-20,94.44999694824219,95.0,346000
2018-08-21,96.69999694824219,96.80000305175781,529905
2018-08-22,97.44999694824219,98.5,278501
2018-08-23,101.0,100.0,463700
2018-08-24,101.5999984741211,101.0,55417
2018-08-27,104.4000015258789,103.19999694824219,149100
2018-08-28,107.4000015258789,107.5,385200
2018-08-29,107.4000015258789,107.9000015258789,110400
2018-08-30,106.80000305175781,107.5,76400
2018-08-31,106.30000305175781,106.80000305175781,111900
2018-09-03,105.19999694824219,106.0999984741211,48720
2018-09-04,106.5,105.80000305175781,88200
2018-09-05,104.5,106.0,62800
2018-09-06,101.0,101.30000305175781,117500
2018-09-07,98.0999984741211,100.0,146411
2018-09-10,98.5,99.0,23400
2018-09-11,98.44999694824219,99.69999694824219,114100
2018-09-12,93.30000305175781,98.80000305175781,443511
2018-09-13,98.5999984741211,99.1500015258789,177900
2018-09-14,98.6500015258789,100.0,141550
2018-09-17,96.80000305175781,98.8499984741211,17685
2018-09-18,95.80000305175781,96.05000305175781,312305
2018-09-19,97.0,98.1500015258789,4600
2018-09-20,97.3499984741211,98.1500015258789,88611
2018-09-21,97.0999984741211,98.5,63800
2018-09-24,97.5,97.0,21400
2018-09-26,101.5,100.0,105700
2018-09-27,104.0,103.5,134100
2018-09-28,104.69999694824219,103.19999694824219,81000
2018-10-02,104.5,104.30000305175781,52402
2018-10-03,102.19999694824219,102.5,410731
2018-10-04,100.9000015258789,102.0,46955
2018-10-05,97.30000305175781,94.0999984741211,169000
2018-10-08,90.0,95.80000305175781,145800
2018-10-09,88.69999694824219,85.1500015258789,304700
2018-10-10,85.44999694824219,85.0999984741211,135200
2018-10-11,76.80000305175781,82.0,522000
2018-10-12,76.5999984741211,75.80000305175781,181300
2018-10-15,75.4000015258789,78.80000305175781,76900
2018-10-16,75.0,75.5999984741211,677800
2018-10-18,78.1500015258789,74.94999694824219,261705
2018-10-19,75.0,77.8499984741211,208900
2018-10-22,75.94999694824219,74.80000305175781,240000
2018-10-23,70.0999984741211,73.0,241300
2018-10-24,69.80000305175781,70.30000305175781,34100
2018-10-25,65.3499984741211,68.0,208200
2018-10-26,63.900001525878906,66.05000305175781,216400
2018-10-29,67.4000015258789,63.95000076293945,278900
2018-10-30,65.0,64.5999984741211,140000
2018-10-31,68.0,62.0,103683
2018-11-01,76.9000015258789,74.5,184902
2018-11-02,80.69999694824219,77.9000015258789,306800
2018-11-05,77.94999694824219,78.0,96200
2018-11-06,77.0,74.30000305175781,18400
2018-11-07,76.69999694824219,76.6500015258789,106200
2018-11-08,76.55000305175781,76.69999694824219,100700
2018-11-09,74.0,76.05000305175781,200200
2018-11-12,71.80000305175781,74.0,103000
2018-11-13,68.1500015258789,67.5,104300
2018-11-14,70.9000015258789,69.19999694824219,109500
2018-11-15,76.25,74.25,39500
2018-11-16,75.25,76.19999694824219,77100
2018-11-19,75.25,75.9000015258789,26900
2018-11-20,72.44999694824219,75.5,50200
2018-11-21,75.9000015258789,73.9000015258789,204100
2018-11-22,77.9000015258789,77.0,67700
2018-11-23,77.0999984741211,77.5,77101
2018-11-26,81.69999694824219,79.5,115400
2018-11-27,84.55000305175781,82.1500015258789,242100
2018-11-28,87.9000015258789,90.75,162740
2018-11-29,87.80000305175781,89.80000305175781,266400
2018-11-30,86.19999694824219,88.0,173488
2018-12-03,94.0999984741211,92.0,175700
2018-12-04,90.0,91.05000305175781,55994
2018-12-05,87.6500015258789,87.1500015258789,15300
2018-12-06,84.9000015258789,87.0,38700
2018-12-07,81.80000305175781,84.0,26785
2018-12-10,79.30000305175781,80.6500015258789,173000
2018-12-11,80.05000305175781,80.6500015258789,147000
2018-12-12,81.80000305175781,81.0,188800
2018-12-13,85.44999694824219,82.0,194922
2018-12-14,77.75,81.0999984741211,149300
2018-12-17,80.19999694824219,78.80000305175781,32600
2018-12-18,79.75,80.05000305175781,238600
2018-12-19,80.0999984741211,78.8499984741211,46100
2018-12-20,79.9000015258789,80.44999694824219,59200
2018-12-21,78.25,79.0,51000
2018-12-24,78.1500015258789,78.25,38812
2018-12-27,80.0,80.19999694824219,35000
2018-12-28,82.5,81.19999694824219,16342
2018-12-31,84.0999984741211,83.0,5015
2019-01-02,83.0999984741211,84.0999984741211,11200
2019-01-03,80.69999694824219,80.80000305175781,6600
2019-01-04,77.5,78.44999694824219,311300
2019-01-07,77.75,78.19999694824219,213400
2019-01-08,79.0,79.0,28300
2019-01-09,83.5999984741211,83.8499984741211,49500
2019-01-10,84.5999984741211,83.5999984741211,478902
2019-01-11,84.0,84.0,395300
2019-01-14,83.69999694824219,85.25,70300
2019-01-15,84.0,83.0,33200
2019-01-16,85.0,85.1500015258789,110800
2019-01-17,83.05000305175781,83.3499984741211,3407
2019-01-18,85.0,84.25,232700
2019-01-21,84.5,87.0,62300
2019-01-22,85.05000305175781,84.5,2600
2019-01-23,81.6500015258789,76.55000305175781,50500
2019-01-24,79.94999694824219,80.19999694824219,25911
2019-01-25,76.0999984741211,78.94999694824219,35300
2019-01-28,75.55000305175781,75.5999984741211,11800
2019-01-29,76.80000305175781,76.19999694824219,32800
2019-01-30,75.44999694824219,75.0,29400
2019-01-31,76.8499984741211,75.44999694824219,7100
2019-02-01,78.05000305175781,77.80000305175781,13500
2019-02-04,78.94999694824219,79.19999694824219,1400
2019-02-08,76.0,78.0,1300
2019-02-11,77.55000305175781,78.0,34405
2019-02-12,80.4000015258789,79.30000305175781,30800
2019-02-13,82.6500015258789,80.6500015258789,18400
2019-02-14,81.1500015258789,80.05000305175781,5600
2019-02-15,80.5,81.1500015258789,8200
2019-02-18,79.69999694824219,80.5,22400
2019-02-19,79.5999984741211,80.0,20200
2019-02-20,84.5,83.0,63750
2019-02-21,83.69999694824219,84.5,17900
2019-02-22,83.44999694824219,83.0,29610
2019-02-25,83.9000015258789,84.0,19800
2019-02-26,84.3499984741211,83.1500015258789,53500
2019-02-27,84.5,83.25,6900
2019-02-28,83.69999694824219,84.75,6900
2019-03-01,83.25,83.0,12700
2019-03-04,91.5,86.80000305175781,56900
2019-03-05,92.4000015258789,90.94999694824219,25300
2019-03-06,92.5999984741211,91.5,223700
2019-03-07,89.0999984741211,89.0,35000
2019-03-08,84.69999694824219,88.9000015258789,53500
2019-03-11,79.80000305175781,79.5,120716
2019-03-12,84.30000305175781,83.0,230500
2019-03-13,82.0,82.5999984741211,26100
2019-03-14,82.0,83.0,27000
2019-03-15,82.5,82.19999694824219,38100
2019-03-18,82.5,83.0,19800
2019-03-19,82.5,82.5,95100
2019-03-20,83.0,82.55000305175781,3514
2019-03-21,82.5,82.0,102200
2019-03-22,83.0,82.5,18000
2019-03-25,77.0,81.30000305175781,149300
2019-03-26,77.0,76.75,71700
2019-03-27,75.30000305175781,76.5,67800
2019-03-28,75.5,74.5,79800
2019-03-29,77.19999694824219,76.80000305175781,24600
2019-04-01,79.5,78.9000015258789,21200
2019-04-02,83.5,82.9000015258789,62400
2019-04-03,86.0,86.0,31100
2019-04-04,87.1500015258789,86.80000305175781,26200
2019-04-08,88.0,88.0,26000
2019-04-09,87.69999694824219,88.0,85600
2019-04-10,87.0,87.05000305175781,26000
2019-04-11,87.19999694824219,87.0,14700
2019-04-12,84.0,85.0,8500
2019-04-15,79.30000305175781,82.30000305175781,83000
2019-04-16,77.55000305175781,78.0,44600
2019-04-17,78.05000305175781,77.5999984741211,20400
2019-04-18,74.4000015258789,75.4000015258789,132700
2019-04-23,73.6500015258789,74.0,50404
2019-04-24,73.69999694824219,73.80000305175781,30200
2019-04-25,72.80000305175781,73.5999984741211,42500
2019-04-26,72.94999694824219,73.0,20600
2019-04-29,72.75,72.94999694824219,14900
2019-04-30,75.5999984741211,74.80000305175781,39905
2019-05-02,75.1500015258789,75.69999694824219,42700
2019-05-03,77.0,75.30000305175781,25900
2019-05-06,76.30000305175781,75.0,34400
2019-05-07,77.0999984741211,76.94999694824219,17394
2019-05-08,74.05000305175781,75.19999694824219,23400
2019-05-09,71.05000305175781,72.0,32900
2019-05-10,73.0,78.94999694824219,24200
2019-05-14,76.80000305175781,73.0,42900
2019-05-15,79.44999694824219,79.44999694824219,59200
2019-05-16,79.80000305175781,79.4000015258789,27600
2019-05-17,81.69999694824219,80.0,90710
2019-05-20,79.0,79.4000015258789,12400
2019-05-21,75.05000305175781,77.5,28200
2019-05-22,77.0999984741211,77.0,11200
2019-05-23,76.69999694824219,77.0999984741211,25681
2019-05-24,77.0,76.55000305175781,50900
2019-05-27,77.0,76.5,14000
2019-05-28,77.0999984741211,77.75,164400
2019-05-29,74.1500015258789,76.0,25400
2019-05-30,73.5,74.0,3600
2019-05-31,72.80000305175781,72.3499984741211,36700
2019-06-03,70.6500015258789,72.5,37700
2019-06-04,71.05000305175781,73.9000015258789,46727
2019-06-05,71.69999694824219,72.44999694824219,44700
2019-06-06,72.0,72.0,5300
2019-06-10,73.5,73.0,40900
2019-06-11,74.0,74.19999694824219,37100
2019-06-12,75.80000305175781,76.19999694824219,43200
2019-06-13,75.80000305175781,75.80000305175781,23804
2019-06-14,75.3499984741211,74.0,46300
2019-06-17,71.0999984741211,72.0,44700
2019-06-18,69.6500015258789,70.0,74907
2019-06-19,71.3499984741211,70.80000305175781,51600
2019-06-20,73.55000305175781,77.0,49900
2019-06-21,73.44999694824219,73.5,9400
2019-06-24,73.0999984741211,73.05000305175781,23000
2019-06-25,71.55000305175781,72.30000305175781,21000
2019-06-26,71.9000015258789,72.05000305175781,8200
2019-06-27,74.5999984741211,74.55000305175781,50700
2019-06-28,75.05000305175781,75.0,9000
2019-07-02,76.8499984741211,76.5,27200
2019-07-03,76.25,79.80000305175781,50514
2019-07-04,77.05000305175781,77.80000305175781,16300
2019-07-05,76.9000015258789,77.1500015258789,47700
2019-07-08,75.80000305175781,76.9000015258789,23800
2019-07-09,75.80000305175781,76.19999694824219,21708
2019-07-10,76.55000305175781,76.80000305175781,10600
2019-07-11,74.25,74.75,9100
2019-07-12,72.44999694824219,73.80000305175781,25600
2019-07-15,73.0,72.44999694824219,66600
2019-07-16,73.19999694824219,73.44999694824219,30300
2019-07-17,73.25,73.44999694824219,5300
2019-07-18,73.5,72.9000015258789,91400
2019-07-19,74.5999984741211,75.0,31700
2019-07-22,74.05000305175781,75.0,27700
2019-07-23,76.75,77.3499984741211,81200
2019-07-24,77.30000305175781,76.8499984741211,135200
2019-07-25,77.55000305175781,77.9000015258789,79300
2019-07-26,77.05000305175781,77.55000305175781,118600
2019-07-29,78.69999694824219,79.5999984741211,141965
2019-07-30,80.5999984741211,80.0,198800
2019-07-31,81.44999694824219,80.80000305175781,196900
2019-08-01,81.75,81.5,263200
2019-08-02,81.30000305175781,81.30000305175781,105418
2019-08-05,81.5999984741211,81.30000305175781,136200
2019-08-06,78.1500015258789,79.19999694824219,9800
2019-08-07,78.0,77.94999694824219,6000
2019-08-08,78.0,78.0,16400
2019-08-09,79.0999984741211,78.0,45000
2019-08-12,80.69999694824219,79.30000305175781,133000
2019-08-13,81.44999694824219,80.69999694824219,240810
2019-08-14,81.19999694824219,81.80000305175781,196000
2019-08-15,83.94999694824219,81.5999984741211,225100
2019-08-16,85.0,84.5,129700
2019-08-19,87.3499984741211,85.1500015258789,25800
2019-08-20,89.80000305175781,88.44999694824219,36900
2019-08-21,88.05000305175781,89.5999984741211,58400
2019-08-22,88.0999984741211,88.19999694824219,6400
2019-08-23,87.94999694824219,87.5999984741211,32700
2019-08-26,85.9000015258789,85.8499984741211,13300
2019-08-27,84.55000305175781,85.6500015258789,24900
2019-08-28,84.75,85.1500015258789,17300
2019-08-29,84.0,83.69999694824219,20500
2019-08-30,86.19999694824219,87.0999984741211,39700
2019-09-02,83.9000015258789,84.3499984741211,68000
2019-09-03,85.19999694824219,86.30000305175781,152200
2019-09-04,88.8499984741211,86.4000015258789,31400
2019-09-05,85.3499984741211,87.5,24300
2019-09-06,77.5,82.30000305175781,251200
2019-09-09,74.80000305175781,77.05000305175781,110900
2019-09-10,77.69999694824219,75.69999694824219,134300
2019-09-11,76.69999694824219,77.69999694824219,46101
2019-09-12,76.4000015258789,76.5,67400
2019-09-13,79.19999694824219,76.0,33600
2019-09-16,79.6500015258789,80.0,24800
2019-09-17,78.5,79.5999984741211,15200
2019-09-18,79.1500015258789,78.5999984741211,10800
2019-09-19,77.0,79.5,30500
2019-09-20,78.80000305175781,79.5,34200
2019-09-23,80.69999694824219,79.5,85300
2019-09-24,81.94999694824219,80.69999694824219,30700
2019-09-25,76.1500015258789,81.55000305175781,12900
2019-09-26,79.4000015258789,76.30000305175781,25300
2019-09-27,78.05000305175781,75.5,37200
2019-09-30,75.0999984741211,77.0,26000
2019-10-02,73.0,75.0999984741211,18200
2019-10-03,73.19999694824219,73.80000305175781,27400
2019-10-04,73.6500015258789,80.5,11400
2019-10-08,73.0,73.75,21200
2019-10-09,71.19999694824219,72.80000305175781,26200
2019-10-10,70.55000305175781,70.3499984741211,16600
2019-10-11,72.8499984741211,71.19999694824219,13207
2019-10-14,72.05000305175781,72.30000305175781,33500
2019-10-15,73.8499984741211,73.3499984741211,11300
2019-10-16,74.80000305175781,73.9000015258789,10400
2019-10-17,76.69999694824219,75.0,18500
2019-10-18,80.4000015258789,78.8499984741211,75100
2019-10-21,79.30000305175781,77.19999694824219,10600
2019-10-22,78.8499984741211,79.30000305175781,27900
2019-10-23,80.19999694824219,78.8499984741211,64800
2019-10-24,82.44999694824219,82.0,57500
2019-10-25,83.5999984741211,82.3499984741211,25400
2019-10-28,83.4000015258789,83.5999984741211,21800
2019-10-29,82.80000305175781,83.44999694824219,73300
2019-10-30,82.55000305175781,82.80000305175781,38500
2019-10-31,83.4000015258789,82.94999694824219,10500
2019-11-01,110.0,105.0,1261000
2019-11-04,116.4000015258789,113.0,424100
2019-11-05,115.0,116.5,138801
2019-11-06,114.80000305175781,114.0,64000
2019-11-07,114.5,112.19999694824219,172030
2019-11-08,114.5,114.69999694824219,58649
2019-11-11,116.5999984741211,116.0,152500
2019-11-12,114.69999694824219,114.5999984741211,37400
2019-11-13,116.0999984741211,117.0,74100
2019-11-14,117.4000015258789,117.0,91100
2019-11-15,125.19999694824219,120.0999984741211,647100
2019-11-18,121.5,120.5999984741211,344500
2019-11-19,119.19999694824219,117.0,249700
2019-11-20,121.0,121.5,122400
2019-11-21,120.4000015258789,120.5,61600
2019-11-22,123.4000015258789,124.0,751000
2019-11-25,126.30000305175781,124.5,80500
2019-11-26,124.9000015258789,126.30000305175781,103300
2019-11-27,120.80000305175781,124.5,53500
2019-11-28,120.19999694824219,120.80000305175781,62200
2019-11-29,120.19999694824219,121.0,66000
2019-12-02,120.9000015258789,121.9000015258789,50500
2019-12-03,120.69999694824219,120.69999694824219,52100
2019-12-04,120.0,119.30000305175781,45300
2019-12-05,115.80000305175781,117.4000015258789,45500
2019-12-06,114.80000305175781,114.19999694824219,57200
2019-12-09,112.0999984741211,114.0,27700
2019-12-10,111.0,111.5,98301
2019-12-11,110.30000305175781,110.5999984741211,101100
2019-12-12,107.19999694824219,107.9000015258789,50530
2019-12-13,107.9000015258789,107.0999984741211,38200
2019-12-16,106.80000305175781,106.9000015258789,124400
2019-12-17,99.9000015258789,101.80000305175781,280000
2019-12-18,98.80000305175781,99.0,115150
2019-12-19,99.9000015258789,100.0999984741211,48500
2019-12-20,102.5999984741211,99.9000015258789,93200
2019-12-23,104.4000015258789,103.19999694824219,51500
2019-12-24,103.9000015258789,103.80000305175781,37200
2019-12-27,103.80000305175781,103.9000015258789,108000
2019-12-30,100.30000305175781,103.80000305175781,87075
2019-12-31,100.0,100.30000305175781,24500
2020-01-02,99.0,102.19999694824219,39200
2020-01-03,99.1500015258789,99.05000305175781,86300
2020-01-06,98.0999984741211,98.94999694824219,82900
2020-01-07,98.5,98.0,36129
2020-01-08,98.4000015258789,98.05000305175781,5300
2020-01-09,97.5,98.0,57100
2020-01-10,101.30000305175781,98.19999694824219,117700
2020-01-13,98.8499984741211,99.5,101000
2020-01-14,99.44999694824219,99.0,127300
2020-01-15,100.0999984741211,99.44999694824219,46100
2020-01-16,99.94999694824219,99.9000015258789,86360
2020-01-17,102.69999694824219,101.80000305175781,127800
2020-01-20,106.19999694824219,102.0,162700
2020-01-21,102.69999694824219,106.19999694824219,115700
2020-01-22,102.0,102.0,63500
2020-01-23,101.5,102.0,67900
2020-01-24,100.5,103.19999694824219,28518
2020-01-29,95.3499984741211,96.0,98082
2020-01-30,90.4000015258789,94.69999694824219,132200
2020-01-31,91.5,99.0,38700
2020-02-03,91.5,91.5,67700
2020-02-04,93.0,91.5,102400
2020-02-05,96.9000015258789,95.30000305175781,54900
2020-02-06,98.0,96.0,66900
2020-02-07,98.0,97.0,79200
2020-02-10,97.8499984741211,98.5,39400
2020-02-11,99.5,98.5,50300
2020-02-12,99.5999984741211,96.94999694824219,32200
2020-02-13,99.44999694824219,99.75,31700
2020-02-14,100.0999984741211,99.94999694824219,26412
2020-02-17,102.5999984741211,100.0,244709
2020-02-18,102.19999694824219,102.5999984741211,85100
2020-02-19,102.69999694824219,102.30000305175781,20700
2020-02-20,102.80000305175781,104.5,32500
2020-02-21,100.80000305175781,102.9000015258789,22100
2020-02-24,98.80000305175781,100.80000305175781,42100
2020-02-25,97.94999694824219,98.75,66600
2020-02-26,94.8499984741211,97.6500015258789,39800
2020-02-27,93.69999694824219,94.9000015258789,57300
2020-02-28,92.0999984741211,93.5,87349
2020-03-02,94.94999694824219,93.69999694824219,68400
2020-03-03,95.9000015258789,95.30000305175781,62500
2020-03-04,92.80000305175781,95.9000015258789,455677
2020-03-05,93.9000015258789,93.25,140886
2020-03-06,91.94999694824219,92.0,78400
2020-03-09,88.5,90.0,80300
2020-03-10,93.4000015258789,88.5,61551
2020-03-11,91.69999694824219,92.5,35800
2020-03-12,87.0,90.6500015258789,137762
2020-03-13,85.0999984741211,86.5,59500
2020-03-16,81.4000015258789,85.1500015258789,65500
2020-03-17,80.0,81.4000015258789,238400
2020-03-18,83.0,86.0999984741211,375700
2020-03-19,89.19999694824219,88.0,271600
2020-03-20,89.55000305175781,89.5999984741211,42700
2020-03-23,78.0,82.0,141000
2020-03-24,80.0,78.69999694824219,39900
2020-03-25,78.80000305175781,80.0,163600
2020-03-26,74.4000015258789,78.0,272000
2020-03-27,77.0999984741211,76.05000305175781,131900
2020-03-30,75.8499984741211,77.0,69400
2020-03-31,76.3499984741211,81.0,49700
2020-04-01,72.80000305175781,75.0,144172
2020-04-02,74.5,73.1500015258789,61600
2020-04-03,80.0,77.94999694824219,181400
2020-04-06,87.1500015258789,82.5,280900
2020-04-07,86.94999694824219,87.94999694824219,75700
2020-04-08,81.75,84.0,74800
2020-04-09,84.5,82.5999984741211,39528
2020-04-14,88.55000305175781,87.05000305175781,139453
2020-04-15,92.25,89.5,169900
2020-04-16,92.69999694824219,92.25,81000
2020-04-17,94.19999694824219,93.80000305175781,93100
2020-04-20,94.1500015258789,94.19999694824219,36400
2020-04-21,94.44999694824219,94.1500015258789,123000
2020-04-22,96.19999694824219,94.1500015258789,95900
2020-04-23,95.69999694824219,97.1500015258789,146600
2020-04-24,94.69999694824219,95.94999694824219,59011
2020-04-27,97.0,93.5,64400
2020-04-28,98.05000305175781,97.0,111400
2020-04-29,96.9000015258789,99.30000305175781,156852
2020-05-04,83.69999694824219,89.0,422400
2020-05-05,84.0999984741211,83.80000305175781,226300
2020-05-06,87.30000305175781,84.80000305175781,390554
2020-05-07,85.5999984741211,87.0,152300
2020-05-08,91.5,88.5,124507
2020-05-11,93.0,92.5,79800
2020-05-12,96.5999984741211,95.0,210700
2020-05-13,94.69999694824219,94.19999694824219,155843
2020-05-14,96.0,94.69999694824219,50700
2020-05-15,97.4000015258789,96.0,82200
2020-05-18,99.80000305175781,97.5,219600
2020-05-19,98.5999984741211,100.0,294300
2020-05-20,100.4000015258789,98.9000015258789,475281
2020-05-21,97.0,100.4000015258789,198200
2020-05-22,95.4000015258789,96.4000015258789,492457
2020-05-25,95.3499984741211,94.30000305175781,61945
2020-05-26,97.80000305175781,95.94999694824219,64600
2020-05-27,96.9000015258789,98.44999694824219,72100
2020-05-28,94.9000015258789,97.05000305175781,71500
2020-05-29,97.0,96.4000015258789,96400
2020-06-01,100.0,99.80000305175781,249366
2020-06-02,101.0,100.0,58400
2020-06-03,101.5,102.0,109249
2020-06-04,99.69999694824219,101.5,122100
2020-06-05,104.30000305175781,102.5,273300
2020-06-08,101.9000015258789,104.30000305175781,262900
2020-06-09,103.5,104.5,202624
2020-06-10,104.0,104.0,149029
2020-06-11,101.0999984741211,103.69999694824219,128700
2020-06-12,99.0,98.80000305175781,185000
2020-06-15,95.0,98.5,161643
2020-06-16,105.0999984741211,100.5,276348
2020-06-17,106.19999694824219,105.0999984741211,208700
2020-06-18,106.0,106.19999694824219,114600
2020-06-19,111.30000305175781,106.19999694824219,867900
2020-06-22,109.0,113.0,186397
2020-06-23,112.0,109.0,209600
2020-06-24,112.0,112.0,133544
2020-06-26,121.5,115.0,680800
2020-06-29,116.30000305175781,119.0,203558
2020-06-30,113.5,114.5,277624
2020-07-02,119.5,113.5,170400
2020-07-03,118.5999984741211,120.0,199300
2020-07-06,119.0,118.5999984741211,241700
2020-07-07,119.4000015258789,118.0,317500
2020-07-08,121.4000015258789,119.80000305175781,369151
2020-07-09,122.5,123.0,187600
2020-07-10,119.30000305175781,121.69999694824219,413500
2020-07-13,121.5999984741211,116.9000015258789,693977
2020-07-14,137.0,133.6999969482422,922610
2020-07-15,147.39999389648438,148.0,1514203
2020-07-16,136.89999389648438,147.39999389648438,896700
2020-07-17,141.1999969482422,137.0,677845
2020-07-20,149.1999969482422,147.0,854350
2020-07-21,151.60000610351562,154.0,336672
2020-07-22,147.89999389648438,150.0,265609
2020-07-23,143.60000610351562,144.0,713300
2020-07-24,134.5,139.39999389648438,526729
2020-07-27,133.39999389648438,136.1999969482422,164900
2020-07-28,132.6999969482422,138.60000610351562,146870
2020-07-29,129.10000610351562,132.1999969482422,416800
2020-07-30,125.0,125.69999694824219,651350
2020-07-31,127.5,124.5999984741211,530300
2020-08-03,130.0,127.0,775696
2020-08-04,135.60000610351562,133.1999969482422,650698
2020-08-05,133.89999389648438,136.0,273100
2020-08-06,136.8000030517578,134.10000610351562,295200
2020-08-07,133.60000610351562,136.8000030517578,684267
2020-08-10,132.5,133.5,454100
2020-08-11,127.69999694824219,126.80000305175781,718100
2020-08-12,124.0,126.9000015258789,826600
2020-08-13,127.69999694824219,127.0,95300
2020-08-14,127.5999984741211,127.80000305175781,107135
2020-08-17,128.0,127.5,229040
2020-08-18,134.1999969482422,132.5,411581
2020-08-19,139.5,135.5,235798
2020-08-20,139.0,139.60000610351562,180300
2020-08-21,142.8000030517578,139.5,299831
2020-08-24,143.6999969482422,142.8000030517578,166424
2020-08-25,140.8000030517578,142.8000030517578,255200
2020-08-26,152.0,148.1999969482422,374067
2020-08-27,147.5,151.89999389648438,210366
2020-08-28,148.0,147.1999969482422,279800
2020-08-31,145.60000610351562,146.60000610351562,396798
2020-09-01,143.1999969482422,145.10000610351562,114931
2020-09-02,138.5,141.89999389648438,280800
2020-09-03,139.0,138.5,113500
2020-09-04,142.0,138.1999969482422,179800
2020-09-07,142.39999389648438,147.0,699112
2020-09-08,142.3000030517578,146.8000030517578,220200
2020-09-09,138.0,140.0,375050
2020-09-10,143.5,142.39999389648438,243800
2020-09-11,144.39999389648438,143.5,197410
2020-09-14,150.0,147.0,209376
2020-09-15,153.5,149.60000610351562,838350
2020-09-16,153.1999969482422,155.0,213467
2020-09-17,149.0,154.8000030517578,216250
2020-09-18,167.0,153.6999969482422,865814
2020-09-21,163.8000030517578,167.0,459621
2020-09-22,159.0,162.5,236875
2020-09-23,160.3000030517578,162.6999969482422,417969
2020-09-24,160.60000610351562,161.3000030517578,276926
2020-09-25,166.6999969482422,161.6999969482422,428700
2020-09-28,167.6999969482422,167.60000610351562,193875
2020-09-29,164.0,167.6999969482422,155584
2020-09-30,169.3000030517578,167.0,153800
2020-10-05,169.89999389648438,170.5,69700
2020-10-06,183.5,182.0,315100
2020-10-07,177.6999969482422,181.1999969482422,234228
2020-10-08,178.39999389648438,178.5,137500
2020-10-09,182.39999389648438,180.0,373623
2020-10-12,190.3000030517578,183.0,328200
2020-10-14,183.0,183.0,857025
2020-10-15,181.8000030517578,184.3000030517578,188200
2020-10-16,182.10000610351562,181.10000610351562,139200
2020-10-19,187.6999969482422,186.8000030517578,278900
2020-10-20,179.5,180.8000030517578,336155
2020-10-21,183.3000030517578,180.6999969482422,354020
2020-10-22,180.1999969482422,183.3000030517578,287400
2020-10-23,178.3000030517578,182.5,579169
2020-10-27,175.0,177.0,613165
2020-10-28,180.1999969482422,175.60000610351562,298916
2020-10-29,181.10000610351562,179.39999389648438,158968
2020-10-30,172.10000610351562,181.10000610351562,844192
2020-11-02,176.0,175.0,320908
2020-11-03,177.8000030517578,176.0,162500
2020-11-04,176.1999969482422,178.39999389648438,165600
2020-11-05,183.89999389648438,179.89999389648438,250721
2020-11-06,170.6999969482422,182.89999389648438,473744
2020-11-09,172.0,173.5,887200
2020-11-10,168.0,168.0,267270
2020-11-11,165.10000610351562,167.0,341336
2020-11-12,168.10000610351562,167.89999389648438,265000
2020-11-13,168.1999969482422,168.10000610351562,279175
2020-11-16,165.0,173.39999389648438,611792
2020-11-17,163.8000030517578,167.6999969482422,294947
2020-11-18,168.0,168.0,428900
2020-11-19,169.8000030517578,168.8000030517578,202200
2020-11-20,168.0,170.0,186115
2020-11-23,166.8000030517578,168.10000610351562,316731
2020-11-24,160.3000030517578,165.0,602446
2020-11-25,151.5,152.8000030517578,576000
2020-11-26,157.10000610351562,156.0,327144
2020-11-27,158.60000610351562,159.0,135900
2020-11-30,166.6999969482422,166.1999969482422,577320
2020-12-01,154.60000610351562,155.8000030517578,687645
2020-12-02,138.8000030517578,141.10000610351562,1236850
2020-12-03,136.10000610351562,138.39999389648438,611500
2020-12-04,134.3000030517578,134.0,687245
2020-12-07,140.60000610351562,134.3000030517578,746938
2020-12-08,134.6999969482422,136.39999389648438,528871
2020-12-09,137.10000610351562,134.6999969482422,355800
2020-12-10,132.5,136.0,763700
2020-12-11,135.5,134.89999389648438,344700
2020-12-14,135.0,135.5,421906
2020-12-15,138.6999969482422,135.0,572857
2020-12-16,150.5,140.8000030517578,1123400
2020-12-17,150.8000030517578,150.60000610351562,1099600
2020-12-18,164.0,153.10000610351562,1122400
2020-12-21,155.8000030517578,157.10000610351562,708187
2020-12-22,153.60000610351562,159.0,232111
2020-12-23,155.8000030517578,153.60000610351562,246400
2020-12-24,159.0,159.0,0
2020-12-28,160.0,159.0,548400
2020-12-29,150.0,153.6999969482422,784286
2020-12-30,149.8000030517578,149.3000030517578,628100
2020-12-31,157.60000610351562,157.60000610351562,0
2021-01-04,152.0,156.0,537007
2021-01-05,159.3000030517578,151.6999969482422,640399
2021-01-06,158.0,164.0,528550
2021-01-07,155.6999969482422,158.0,435600
2021-01-08,153.89999389648438,155.8000030517578,431815
2021-01-11,163.0,163.8000030517578,848330
2021-01-12,184.0,169.8000030517578,2182478
2021-01-13,180.0,176.6999969482422,2551070
2021-01-14,199.0,187.89999389648438,1755314
2021-01-15,202.8000030517578,202.0,789460
2021-01-18,218.60000610351562,203.0,1153943
2021-01-19,216.39999389648438,217.60000610351562,1301823
2021-01-20,216.1999969482422,218.60000610351562,740245
2021-01-21,219.0,218.8000030517578,816367
2021-01-22,223.0,217.60000610351562,1367222
2021-01-25,229.39999389648438,223.0,886514
2021-01-26,216.1999969482422,228.0,748338
2021-01-27,208.1999969482422,215.0,834200
2021-01-28,197.3000030517578,194.8000030517578,1249550
2021-01-29,190.10000610351562,193.8000030517578,1224795
2021-02-01,203.39999389648438,191.0,1372200
2021-02-02,212.0,214.1999969482422,604000
2021-02-03,212.0,212.0,907967
2021-02-04,219.0,217.0,757747
2021-02-05,220.39999389648438,221.8000030517578,383326
2021-02-08,224.39999389648438,221.8000030517578,353174
2021-02-09,220.8000030517578,224.39999389648438,170037
2021-02-10,227.1999969482422,221.8000030517578,384100
2021-02-11,225.8000030517578,225.8000030517578,0
2021-02-16,229.8000030517578,228.0,291800
2021-02-17,229.60000610351562,229.8000030517578,176051
2021-02-18,208.8000030517578,221.39999389648438,1066330
2021-02-19,207.0,204.39999389648438,943300
2021-02-22,207.1999969482422,209.60000610351562,747149
2021-02-23,197.8000030517578,200.0,666922
2021-02-24,194.8000030517578,197.8000030517578,481065
2021-02-25,198.8000030517578,201.0,416915
2021-02-26,189.5,190.1999969482422,1011700
2021-03-01,197.1999969482422,190.0,560200
2021-03-02,191.3000030517578,196.39999389648438,667883
2021-03-03,187.89999389648438,184.60000610351562,949152
2021-03-04,178.0,184.0,986905
2021-03-05,173.1999969482422,169.89999389648438,502657
2021-03-08,169.3000030517578,175.0,1126686
2021-03-09,174.0,174.89999389648438,1224200
2021-03-10,184.60000610351562,187.0,1050696
2021-03-11,185.60000610351562,184.5,347705
2021-03-12,189.10000610351562,188.0,356568
2021-03-15,189.39999389648438,189.1999969482422,570600
2021-03-16,194.0,192.5,224156
2021-03-17,198.3000030517578,193.60000610351562,238400
2021-03-18,196.8000030517578,199.8000030517578,185158
2021-03-19,193.6999969482422,192.0,110644
2021-03-22,206.1999969482422,206.1999969482422,630800
2021-03-23,208.39999389648438,210.1999969482422,559360
2021-03-24,196.0,201.0,466566
2021-03-25,195.0,191.0,439576
2021-03-26,202.60000610351562,198.0,527900
2021-03-29,195.0,196.3000030517578,732600
2021-03-30,197.5,193.0,437725
2021-03-31,201.1999969482422,200.0,469221
2021-04-01,213.0,208.0,392700
2021-04-07,195.8000030517578,199.0,575527
2021-04-08,195.0,191.60000610351562,274055
2021-04-09,187.3000030517578,191.0,317500
2021-04-12,183.3000030517578,187.3000030517578,154129
2021-04-13,178.0,180.6999969482422,502802
2021-04-14,179.5,181.1999969482422,187100
2021-04-15,180.0,178.3000030517578,115400
2021-04-16,185.3000030517578,183.0,450500
2021-04-19,185.5,185.5,318400
2021-04-20,182.8000030517578,184.89999389648438,253400
2021-04-21,177.89999389648438,178.3000030517578,410100
2021-04-22,183.0,180.6999969482422,176406
2021-04-23,186.3000030517578,184.39999389648438,189700
2021-04-26,188.0,191.0,211790
2021-04-27,193.39999389648438,191.8000030517578,208755
2021-04-28,191.39999389648438,193.39999389648438,93918
2021-04-29,208.60000610351562,207.0,482710
2021-04-30,209.0,210.0,283600
2021-05-03,205.39999389648438,209.1999969482422,69606
2021-05-04,200.60000610351562,203.60000610351562,102869
2021-05-05,184.8000030517578,187.0,358710
2021-05-06,184.8000030517578,188.60000610351562,469000
2021-05-07,186.10000610351562,189.60000610351562,335891
2021-05-10,186.8000030517578,189.8000030517578,315400
2021-05-11,182.0,182.5,337291
2021-05-12,191.8000030517578,189.10000610351562,277400
2021-05-13,186.60000610351562,187.39999389648438,127730
2021-05-14,186.89999389648438,186.5,305689
2021-05-17,193.0,190.10000610351562,161796
2021-05-18,196.60000610351562,196.60000610351562,275700
2021-05-20,196.8000030517578,197.10000610351562,432583
2021-05-21,205.8000030517578,202.60000610351562,386200
2021-05-24,211.39999389648438,208.0,452419
2021-05-25,208.60000610351562,205.39999389648438,451884
2021-05-26,210.8000030517578,209.8000030517578,183200
2021-05-27,206.8000030517578,209.0,771210
2021-05-28,206.1999969482422,207.0,175500
2021-05-31,224.60000610351562,211.8000030517578,724310
2021-06-01,225.39999389648438,224.39999389648438,346467
2021-06-02,219.60000610351562,225.0,280913
2021-06-03,212.60000610351562,218.8000030517578,606032
2021-06-04,208.60000610351562,212.60000610351562,367106
2021-06-07,212.39999389648438,206.60000610351562,174925
2021-06-08,206.1999969482422,207.8000030517578,570992
2021-06-09,209.39999389648438,208.0,236100
2021-06-10,209.60000610351562,209.39999389648438,150800
2021-06-11,214.0,210.0,558953
2021-06-15,201.8000030517578,207.8000030517578,805400
2021-06-16,195.39999389648438,201.0,445450
2021-06-17,198.1999969482422,197.8000030517578,319674
2021-06-18,191.8000030517578,198.1999969482422,2016138
2021-06-21,195.1999969482422,195.0,606264
2021-06-22,195.5,195.8000030517578,361116
2021-06-23,201.39999389648438,198.0,495430
2021-06-24,205.0,205.0,332015
2021-06-25,213.60000610351562,211.0,552900
2021-06-28,217.8000030517578,216.0,218600
2021-06-29,214.39999389648438,217.8000030517578,397740
2021-06-30,211.1999969482422,214.1999969482422,207155
2021-07-02,205.1999969482422,210.0,309979
2021-07-05,202.39999389648438,205.0,181833
2021-07-06,198.5,205.1999969482422,442484
2021-07-07,196.0,198.0,407172
2021-07-08,187.89999389648438,192.3000030517578,531929
2021-07-09,193.0,189.0,346419
2021-07-12,199.0,195.10000610351562,336400
2021-07-13,197.5,197.1999969482422,168100
2021-07-14,202.0,197.0,376500
2021-07-15,200.0,202.0,169855
2021-07-16,198.0,200.0,133720
2021-07-19,195.1999969482422,193.39999389648438,161300
2021-07-20,192.3000030517578,195.1999969482422,278800
2021-07-21,190.39999389648438,193.8000030517578,239000
2021-07-22,187.0,185.10000610351562,579685
2021-07-23,188.60000610351562,189.8000030517578,256800
2021-07-26,181.60000610351562,188.60000610351562,491522
2021-07-27,154.10000610351562,169.89999389648438,1218434
2021-07-28,165.5,156.10000610351562,700378
2021-07-29,186.8000030517578,190.0,752300
2021-07-30,183.6999969482422,186.0,326509
2021-08-02,192.39999389648438,183.6999969482422,359617
2021-08-03,195.6999969482422,192.10000610351562,425659
2021-08-04,202.8000030517578,200.1999969482422,507000
2021-08-05,200.8000030517578,203.0,341179
2021-08-06,197.0,194.0,223230
2021-08-09,192.8000030517578,190.0,218800
2021-08-10,193.0,192.0,209462
2021-08-11,176.89999389648438,192.0,1325400
2021-08-12,165.0,171.8000030517578,2318615
2021-08-13,169.3000030517578,170.0,1006974
2021-08-16,164.0,164.5,329850
2021-08-17,163.0,166.3000030517578,396924
2021-08-18,167.8000030517578,167.0,554611
2021-08-19,171.1999969482422,171.60000610351562,520988
2021-08-20,159.5,167.0,1867035
2021-08-23,154.1999969482422,152.0,583889
2021-08-24,167.60000610351562,160.39999389648438,741901
2021-08-25,170.6999969482422,172.0,1183200
2021-08-26,174.5,171.10000610351562,943543
2021-08-27,174.0,171.60000610351562,802150
2021-08-30,178.89999389648438,172.1999969482422,1143099
2021-08-31,184.39999389648438,181.10000610351562,784200
2021-09-01,189.10000610351562,184.39999389648438,1295600
2021-09-02,198.10000610351562,194.0,1235016
2021-09-03,201.39999389648438,198.5,967400
2021-09-06,213.39999389648438,206.60000610351562,1330697
2021-09-07,210.0,214.39999389648438,1068378
2021-09-08,209.39999389648438,213.0,694015
2021-09-09,204.39999389648438,209.0,1231900
2021-09-10,207.8000030517578,204.39999389648438,988744
2021-09-13,214.8000030517578,209.8000030517578,1527860
2021-09-14,220.0,215.1999969482422,1579040
2021-09-15,228.39999389648438,220.1999969482422,1926643
2021-09-16,231.60000610351562,228.39999389648438,1830684
2021-09-17,278.6000061035156,237.0,23789421
2021-09-20,247.0,250.60000610351562,4764071
2021-09-21,240.8000030517578,243.0,716492
2021-09-23,228.60000610351562,233.8000030517578,1349720
2021-09-24,230.60000610351562,233.1999969482422,545676
2021-09-27,229.0,226.8000030517578,360900
2021-09-28,229.0,227.0,523939
2021-09-29,216.1999969482422,212.1999969482422,819620
2021-09-30,221.0,219.60000610351562,435215
2021-10-04,207.60000610351562,215.8000030517578,637782
2021-10-05,210.60000610351562,207.60000610351562,319488
2021-10-06,206.1999969482422,209.60000610351562,370776
2021-10-07,208.0,205.0,430319
2021-10-08,212.60000610351562,216.0,564542
2021-10-11,216.1999969482422,214.1999969482422,688007
2021-10-12,215.8000030517578,216.1999969482422,164686
2021-10-15,213.60000610351562,214.8000030517578,205638
2021-10-18,215.0,213.0,224704
2021-10-19,218.60000610351562,213.39999389648438,167169
2021-10-20,228.0,221.60000610351562,389758
2021-10-21,224.1999969482422,225.0,587545
2021-10-22,225.8000030517578,225.60000610351562,125059
2021-10-25,227.8000030517578,225.8000030517578,238361
2021-10-26,233.0,229.1999969482422,368200
2021-10-27,228.60000610351562,229.1999969482422,305101
2021-10-28,214.39999389648438,223.1999969482422,774600
2021-10-29,217.8000030517578,214.39999389648438,136528
2021-11-01,208.60000610351562,216.0,668901
2021-11-02,209.1999969482422,209.0,275200
2021-11-03,216.8000030517578,214.0,242910
2021-11-04,224.1999969482422,222.0,227500
2021-11-05,225.1999969482422,220.0,918858
2021-11-08,223.39999389648438,223.60000610351562,617379
2021-11-09,219.60000610351562,211.60000610351562,1147286
2021-11-10,232.60000610351562,221.0,658477
2021-11-11,219.1999969482422,223.60000610351562,338800
2021-11-12,223.0,222.0,249546
2021-11-15,228.0,225.1999969482422,135400
2021-11-16,232.0,228.0,244159
2021-11-17,234.39999389648438,235.0,498898
2021-11-18,225.1999969482422,228.0,196009
2021-11-19,219.0,222.60000610351562,333541
2021-11-22,220.60000610351562,219.0,176400
2021-11-23,214.60000610351562,215.8000030517578,273680
2021-11-24,211.8000030517578,210.0,230418
2021-11-25,215.0,213.0,194617
2021-11-26,210.8000030517578,212.1999969482422,198400
2021-11-29,211.60000610351562,209.0,321500
2021-11-30,208.1999969482422,207.8000030517578,728130
2021-12-01,213.39999389648438,210.0,531798
2021-12-02,214.39999389648438,213.1999969482422,707441
2021-12-03,213.1999969482422,211.39999389648438,615931
2021-12-06,184.3000030517578,193.3000030517578,1976200
2021-12-07,188.8000030517578,182.0,1499966
2021-12-08,188.10000610351562,194.0,487384
2021-12-09,193.8000030517578,189.3000030517578,393794
2021-12-10,183.39999389648438,184.1999969482422,480200
2021-12-13,176.89999389648438,181.10000610351562,1104309
2021-12-14,175.39999389648438,171.60000610351562,855110
2021-12-15,162.0,168.3000030517578,2725956
2021-12-16,160.8000030517578,152.10000610351562,2265483
2021-12-17,156.89999389648438,166.89999389648438,1613050
2021-12-20,157.10000610351562,159.5,741594
2021-12-21,166.6999969482422,162.89999389648438,1964717
2021-12-22,162.8000030517578,167.89999389648438,793503
2021-12-23,163.0,162.3000030517578,387456
2021-12-24,161.0,162.6999969482422,294700
2021-12-28,159.89999389648438,160.10000610351562,618500
2021-12-29,159.89999389648438,159.89999389648438,330436
2021-12-30,155.8000030517578,155.5,378816
2021-12-31,161.0,160.10000610351562,479757
2022-01-03,160.10000610351562,162.10000610351562,207112
2022-01-04,153.1999969482422,157.0,1469700
2022-01-05,143.89999389648438,151.0,793600
2022-01-06,132.5,135.0,1373719
2022-01-07,136.3000030517578,134.0,820442
2022-01-10,141.3000030517578,138.5,917147
2022-01-11,142.6999969482422,144.8000030517578,662828
2022-01-12,146.10000610351562,143.6999969482422,494180
2022-01-13,148.5,148.0,979900
2022-01-14,144.5,143.5,838000
2022-01-17,142.5,144.5,500800
2022-01-18,142.60000610351562,145.0,285395
2022-01-19,141.3000030517578,144.89999389648438,126600
2022-01-20,144.10000610351562,140.10000610351562,281517
2022-01-21,148.10000610351562,148.60000610351562,657966
2022-01-24,148.39999389648438,148.1999969482422,436903
2022-01-25,143.5,149.0,822580
2022-01-26,137.10000610351562,141.0,459216
2022-01-27,132.89999389648438,135.0,245025
2022-01-28,120.0,120.0,833239
2022-01-31,130.89999389648438,130.89999389648438,0
2022-02-04,135.0,135.10000610351562,547468
2022-02-07,133.6999969482422,135.8000030517578,746846
2022-02-08,131.39999389648438,131.5,657605
2022-02-09,126.9000015258789,130.60000610351562,436090
2022-02-10,133.39999389648438,131.0,442778
2022-02-11,128.39999389648438,133.39999389648438,656765
2022-02-14,120.69999694824219,123.80000305175781,705672
2022-02-15,126.19999694824219,123.4000015258789,1020500
2022-02-16,134.0,131.10000610351562,532994
2022-02-17,133.1999969482422,133.0,338534
2022-02-18,122.80000305175781,126.30000305175781,816970
2022-02-21,129.1999969482422,125.0,540416
2022-02-22,124.9000015258789,125.30000305175781,254906
2022-02-23,129.3000030517578,125.19999694824219,458300
2022-02-24,121.5999984741211,124.80000305175781,1198354
2022-02-25,129.89999389648438,127.0999984741211,559200
2022-02-28,126.80000305175781,129.5,363206
2022-03-01,128.1999969482422,129.0,606997
2022-03-02,129.0,130.39999389648438,417800
2022-03-03,129.5,130.10000610351562,383161
2022-03-04,110.0999984741211,113.5,1760443
2022-03-07,104.30000305175781,107.4000015258789,1527843
2022-03-08,108.30000305175781,107.0,796700
2022-03-09,109.9000015258789,109.0,524863
2022-03-10,116.0,114.4000015258789,481750
2022-03-11,110.30000305175781,107.5999984741211,1328474
2022-03-14,91.94999694824219,100.19999694824219,1809042
2022-03-15,86.75,83.5999984741211,2124700
2022-03-16,99.05000305175781,89.94999694824219,1981955
2022-03-17,110.9000015258789,110.0,1240687
2022-03-18,115.4000015258789,112.5,3662889
2022-03-21,111.4000015258789,119.0,726177
2022-03-22,113.5,109.5999984741211,505500
2022-03-23,115.5,113.5,771700
2022-03-24,118.4000015258789,115.5,755618
2022-03-25,113.4000015258789,122.30000305175781,1028465
2022-03-28,111.19999694824219,113.4000015258789,719544
2022-03-29,119.0999984741211,115.5,1063230
2022-03-30,125.30000305175781,124.0999984741211,1342760
2022-03-31,121.19999694824219,126.9000015258789,403111
2022-04-01,117.9000015258789,117.5,413627
2022-04-04,125.5,118.9000015258789,309393
2022-04-06,124.30000305175781,129.0,789335
2022-04-07,127.5999984741211,126.5999984741211,691300
2022-04-08,126.0,126.4000015258789,518088
2022-04-11,111.9000015258789,123.5,587316
2022-04-12,115.0,113.0,338516
2022-04-13,112.80000305175781,110.9000015258789,244160
2022-04-14,113.5,112.80000305175781,165356
2022-04-19,104.80000305175781,104.5999984741211,653025
2022-04-20,107.19999694824219,105.5,158179
2022-04-21,103.4000015258789,105.0,328600
2022-04-22,103.4000015258789,102.0,232738
2022-04-25,95.55000305175781,100.19999694824219,276200
2022-04-26,97.6500015258789,97.5999984741211,334600
2022-04-27,95.44999694824219,95.0,505364
2022-04-28,100.0,95.44999694824219,455577
2022-04-29,104.5999984741211,99.5999984741211,590666
2022-05-03,102.5,100.0,240388
2022-05-04,96.44999694824219,100.0,220371
2022-05-05,98.3499984741211,100.0,459620
2022-05-06,98.1500015258789,95.4000015258789,534100
2022-05-10,88.05000305175781,83.44999694824219,1896386
2022-05-11,85.5,90.05000305175781,1434225
2022-05-12,74.3499984741211,77.0999984741211,3238448
2022-05-13,80.0,77.8499984741211,1399246
2022-05-16,80.1500015258789,80.94999694824219,450081
2022-05-17,83.19999694824219,78.69999694824219,852604
2022-05-18,84.80000305175781,84.0,690577
2022-05-19,81.30000305175781,80.55000305175781,1001556
2022-05-20,85.30000305175781,81.0999984741211,1340620
2022-05-23,84.30000305175781,83.80000305175781,745249
2022-05-24,78.5999984741211,82.19999694824219,995786
2022-05-25,77.5,75.9000015258789,1184143
2022-05-26,77.80000305175781,78.30000305175781,784612
2022-05-27,78.30000305175781,78.80000305175781,628000
2022-05-30,82.80000305175781,80.05000305175781,847100
2022-05-31,85.94999694824219,80.80000305175781,1040745
2022-06-01,84.5,84.5,737059
2022-06-02,85.9000015258789,83.55000305175781,511700
2022-06-06,88.25,87.55000305175781,1167999
2022-06-07,86.6500015258789,85.0,1561675
2022-06-08,98.5999984741211,91.9000015258789,2145386
2022-06-09,98.19999694824219,99.69999694824219,977100
2022-06-10,95.69999694824219,93.0,1717777
2022-06-13,87.30000305175781,89.19999694824219,1455400
2022-06-14,82.55000305175781,79.75,2105300
2022-06-15,82.25,80.3499984741211,1982723
2022-06-16,81.0999984741211,83.75,1357400
2022-06-17,83.44999694824219,81.1500015258789,6549463
2022-06-20,87.3499984741211,82.5,10875909
2022-06-21,91.94999694824219,88.0,2240442
2022-06-22,89.94999694824219,95.0,2090988
2022-06-23,93.19999694824219,91.9000015258789,1163861
2022-06-24,103.4000015258789,94.75,2628056
2022-06-27,107.0,108.0,1916646
2022-06-28,104.30000305175781,105.80000305175781,1187641
2022-06-29,100.19999694824219,101.0,1383430
2022-06-30,98.5,99.0,1513888
2022-07-04,108.69999694824219,98.80000305175781,1801328
2022-07-05,107.4000015258789,110.0999984741211,1610156
2022-07-06,117.5,120.0,3367884
2022-07-07,110.69999694824219,113.0,2247301
2022-07-08,112.30000305175781,114.30000305175781,1114501
2022-07-11,110.0,113.0,714131
2022-07-12,103.80000305175781,107.69999694824219,1204952
2022-07-13,105.9000015258789,105.9000015258789,723400
2022-07-14,104.9000015258789,103.0,1530916
2022-07-15,106.0,106.5,1569647
2022-07-18,107.0,106.0,738845
2022-07-19,103.80000305175781,106.9000015258789,548165
2022-07-20,107.0,105.5,701734
2022-07-21,109.5999984741211,109.0999984741211,1411500
2022-07-22,109.5,110.5999984741211,1246430
2022-07-25,111.4000015258789,108.0,1253800
2022-07-26,107.80000305175781,111.30000305175781,1409312
2022-07-27,107.5,108.19999694824219,763200
2022-07-28,105.5,108.5999984741211,341817
2022-07-29,100.9000015258789,107.0,640560
2022-08-01,102.0999984741211,100.69999694824219,409481
2022-08-02,97.55000305175781,100.19999694824219,734725
2022-08-03,100.5999984741211,98.9000015258789,569226
2022-08-04,104.0,101.0999984741211,924500
2022-08-05,116.0999984741211,112.4000015258789,2714960
2022-08-08,121.9000015258789,118.0,1649800
2022-08-09,122.0,123.4000015258789,745616
2022-08-10,116.0,120.80000305175781,579486
2022-08-11,118.80000305175781,116.0,524400
2022-08-12,119.69999694824219,119.0999984741211,814973
2022-08-15,114.5,117.5,498238
2022-08-16,117.0,117.30000305175781,1110100
2022-08-17,113.4000015258789,113.0999984741211,364600
2022-08-18,110.5999984741211,109.69999694824219,690600
2022-08-19,106.19999694824219,108.19999694824219,451100
2022-08-22,106.80000305175781,105.5,395022
2022-08-23,103.4000015258789,105.0,1046936
2022-08-24,102.69999694824219,103.5,494110
2022-08-25,107.80000305175781,105.19999694824219,981730
2022-08-26,109.0999984741211,107.80000305175781,1957539
2022-08-29,106.80000305175781,107.0,912000
2022-08-30,100.5,102.9000015258789,1357369
2022-08-31,103.0999984741211,99.44999694824219,1045549
2022-09-01,101.5999984741211,103.5,434604
2022-09-02,101.30000305175781,102.0999984741211,658100
2022-09-05,98.9000015258789,100.9000015258789,463800
2022-09-06,98.6500015258789,99.0,591900
2022-09-07,99.05000305175781,97.19999694824219,379084
2022-09-08,97.4000015258789,100.5,684800
2022-09-09,103.69999694824219,99.80000305175781,819700
2022-09-13,100.69999694824219,104.0999984741211,751102
2022-09-14,96.1500015258789,98.1500015258789,549543
2022-09-15,93.4000015258789,94.0,786900
2022-09-16,95.94999694824219,95.69999694824219,3926216
2022-09-19,91.0999984741211,93.25,938161
2022-09-20,92.19999694824219,93.0,399900
2022-09-21,90.9000015258789,93.0,296324
2022-09-22,88.0,89.0,706259
2022-09-23,85.0,86.0,566363
2022-09-26,85.05000305175781,84.69999694824219,667746
2022-09-27,84.8499984741211,80.6500015258789,2193100
2022-09-28,83.5,85.0,740139
2022-09-29,83.69999694824219,85.25,363219
2022-09-30,81.05000305175781,81.30000305175781,1225689
2022-10-03,78.8499984741211,84.8499984741211,535200
2022-10-05,88.5,86.30000305175781,1048771
2022-10-06,84.8499984741211,86.9000015258789,1057700
2022-10-07,81.25,84.8499984741211,341500
2022-10-10,78.4000015258789,81.19999694824219,605059
2022-10-11,77.69999694824219,78.4000015258789,690664
2022-10-12,76.80000305175781,76.4000015258789,1688964
2022-10-13,87.9000015258789,88.30000305175781,2343139
2022-10-14,94.80000305175781,92.0,1951506
2022-10-17,97.5999984741211,94.5,1452344
2022-10-18,106.4000015258789,101.9000015258789,2886289
2022-10-19,101.80000305175781,103.19999694824219,1147960
2022-10-20,95.75,94.19999694824219,2032999
2022-10-21,98.69999694824219,95.9000015258789,1685144
2022-10-24,92.25,99.75,1093416
2022-10-25,94.9000015258789,93.0,906224
2022-10-26,99.8499984741211,95.69999694824219,1418345
2022-10-27,99.19999694824219,102.30000305175781,839700
2022-10-28,95.1500015258789,99.69999694824219,710802
2022-10-31,99.0,98.19999694824219,733152
2022-11-01,106.5,102.0,1145815
2022-11-02,106.4000015258789,103.5999984741211,1008367
2022-11-03,110.80000305175781,106.4000015258789,1236000
2022-11-04,113.30000305175781,110.9000015258789,1448100
2022-11-07,114.0,112.80000305175781,1030509
2022-11-08,114.5999984741211,116.0,1166600
2022-11-09,112.0,113.0,883548
2022-11-10,110.5,108.0,1129400
2022-11-11,119.30000305175781,117.5,1732336
2022-11-14,125.30000305175781,121.69999694824219,1067099
2022-11-15,127.80000305175781,125.80000305175781,1594282
2022-11-16,127.0999984741211,127.80000305175781,1197300
2022-11-17,125.30000305175781,127.0999984741211,986000
2022-11-18,120.69999694824219,123.19999694824219,1613156
2022-11-21,120.9000015258789,119.5999984741211,501370
2022-11-22,111.9000015258789,115.9000015258789,892400
2022-11-23,107.0999984741211,108.0,1199300
2022-11-24,108.9000015258789,108.9000015258789,458900
2022-11-25,105.5,108.30000305175781,249082
2022-11-28,107.0,103.80000305175781,748780
2022-11-29,112.5,107.0,1150151
2022-11-30,115.30000305175781,109.4000015258789,4332824
2022-12-01,114.80000305175781,117.0,2181548
2022-12-02,118.0,116.0999984741211,1336992
2022-12-05,124.30000305175781,119.80000305175781,1466882
2022-12-06,115.80000305175781,117.4000015258789,2090072
2022-12-07,108.5999984741211,112.5999984741211,1738292
2022-12-08,120.30000305175781,116.80000305175781,1898067
2022-12-09,124.19999694824219,123.0,1539268
2022-12-12,121.30000305175781,119.9000015258789,1391200
2022-12-13,124.5,121.30000305175781,1584904
2022-12-14,126.19999694824219,125.19999694824219,1234995
2022-12-15,125.19999694824219,126.19999694824219,1073338
2022-12-16,125.80000305175781,124.5,1128790
2022-12-19,118.9000015258789,122.0999984741211,1008991
2022-12-20,119.0999984741211,119.0,913733
2022-12-21,126.4000015258789,124.5,904046
2022-12-22,128.89999389648438,127.9000015258789,671575
2022-12-23,137.5,134.89999389648438,1453292
2022-12-28,135.1999969482422,134.8000030517578,1251300
2022-12-29,136.39999389648438,133.0,642900
2022-12-30,134.1999969482422,136.0,639893
2023-01-03,136.6999969482422,134.0,868998
2023-01-04,142.0,136.6999969482422,1164311
2023-01-05,144.60000610351562,145.3000030517578,1154872
2023-01-06,144.6999969482422,145.10000610351562,876698
2023-01-09,154.39999389648438,144.1999969482422,948124
2023-01-10,150.10000610351562,149.0,918600
2023-01-11,154.60000610351562,150.3000030517578,2444825
2023-01-12,155.3000030517578,154.60000610351562,1847012
2023-01-13,163.60000610351562,157.8000030517578,1973770
2023-01-16,166.0,163.60000610351562,1400753
2023-01-17,164.10000610351562,167.1999969482422,1792838
2023-01-18,164.39999389648438,162.5,1765465
2023-01-19,163.39999389648438,162.5,2052755
2023-01-20,166.3000030517578,167.60000610351562,916923
2023-01-26,160.60000610351562,159.0,1617743
2023-01-27,158.8000030517578,158.5,1214025
2023-01-30,156.39999389648438,157.8000030517578,2130835
2023-01-31,153.3000030517578,157.5,1986912
2023-02-01,156.3000030517578,153.39999389648438,1713097
2023-02-02,154.8000030517578,155.60000610351562,1631927
2023-02-03,154.39999389648438,154.8000030517578,1674089
2023-02-06,149.10000610351562,152.89999389648438,1527750
2023-02-07,151.1999969482422,150.10000610351562,704972
2023-02-08,153.39999389648438,151.39999389648438,918767
2023-02-09,152.5,153.1999969482422,829544
2023-02-10,147.3000030517578,152.5,1040582
2023-02-13,149.39999389648438,145.8000030517578,612359
2023-02-14,145.39999389648438,149.39999389648438,789470
2023-02-15,142.3000030517578,145.89999389648438,1320689
2023-02-16,143.60000610351562,142.6999969482422,1174497
2023-02-17,142.39999389648438,144.39999389648438,489600
2023-02-20,143.3000030517578,142.39999389648438,976178
2023-02-21,140.39999389648438,143.6999969482422,626405
2023-02-22,137.5,138.89999389648438,549062
2023-02-23,137.0,137.5,557409
2023-02-24,135.0,137.0,710468
2023-02-27,131.39999389648438,131.8000030517578,743756
2023-02-28,133.5,131.1999969482422,1676202
2023-03-01,143.39999389648438,134.3000030517578,1688940
2023-03-02,143.5,145.8000030517578,1100474
2023-03-03,143.39999389648438,143.89999389648438,986309
2023-03-06,144.39999389648438,143.39999389648438,394511
2023-03-07,142.3000030517578,144.39999389648438,701291
2023-03-08,137.8000030517578,140.10000610351562,558356
2023-03-09,134.6999969482422,136.6999969482422,851105
2023-03-10,133.8000030517578,132.0,1377224
2023-03-13,135.0,133.8000030517578,2068505
2023-03-14,144.0,135.0,3068544
2023-03-15,146.8000030517578,140.89999389648438,3889594
2023-03-16,137.39999389648438,143.5,2105515
2023-03-17,133.60000610351562,137.39999389648438,1925021
2023-03-20,131.3000030517578,135.3000030517578,844893
2023-03-21,137.1999969482422,132.60000610351562,822334
2023-03-22,133.39999389648438,136.6999969482422,901543
2023-03-23,133.3000030517578,132.0,802284
2023-03-24,134.0,132.1999969482422,920961
2023-03-27,132.8000030517578,134.0,1254604
2023-03-28,132.5,134.5,1610883
2023-03-29,133.6999969482422,132.5,836286
2023-03-30,132.39999389648438,133.0,1408399
2023-03-31,129.39999389648438,130.8000030517578,984651
2023-04-03,130.1999969482422,130.8000030517578,1031981
2023-04-04,130.5,130.0,1174843
2023-04-06,134.39999389648438,127.69999694824219,2637469
2023-04-11,147.39999389648438,144.89999389648438,4151759
2023-04-12,153.60000610351562,152.39999389648438,2046620
2023-04-13,160.3000030517578,155.0,2248409
2023-04-14,163.89999389648438,162.5,2636400
2023-04-17,161.0,160.0,1501757
2023-04-18,162.3000030517578,161.0,1677915
2023-04-19,156.6999969482422,160.10000610351562,1554698
2023-04-20,154.60000610351562,158.8000030517578,1381474
2023-04-21,153.0,154.8000030517578,901493
2023-04-24,154.3000030517578,154.1999969482422,704084
2023-04-25,150.6999969482422,156.39999389648438,806356
2023-04-26,150.10000610351562,149.1999969482422,834319
2023-04-27,150.5,147.5,792942
2023-04-28,151.0,153.0,1108349
2023-05-02,155.8000030517578,155.8000030517578,491927
2023-05-03,158.6999969482422,157.8000030517578,376130
2023-05-04,159.60000610351562,158.89999389648438,698841
2023-05-05,154.60000610351562,157.0,891900
2023-05-08,153.8000030517578,152.8000030517578,1165476
2023-05-09,148.39999389648438,154.39999389648438,1092178
2023-05-10,147.6999969482422,148.1999969482422,796670
2023-05-11,147.0,146.60000610351562,919949
2023-05-12,145.1999969482422,148.5,995340
2023-05-15,144.60000610351562,145.39999389648438,1177594
2023-05-16,146.60000610351562,145.3000030517578,926521
2023-05-17,140.0,145.6999969482422,1163947
2023-05-18,138.5,140.0,527827
2023-05-19,137.10000610351562,136.8000030517578,754749
2023-05-22,142.10000610351562,139.10000610351562,610746
2023-05-23,144.5,143.8000030517578,1008803
2023-05-24,143.6999969482422,144.5,724682
2023-05-25,139.8000030517578,142.8000030517578,758451
2023-05-29,138.10000610351562,141.8000030517578,621064
2023-05-30,141.3000030517578,140.5,1015200
2023-05-31,133.1999969482422,137.6999969482422,5268994
2023-06-01,133.1999969482422,132.5,1033924
2023-06-02,135.6999969482422,133.1999969482422,1339881
2023-06-05,134.10000610351562,137.39999389648438,1226271
2023-06-06,128.1999969482422,132.60000610351562,1574830
2023-06-07,134.89999389648438,135.3000030517578,1456805
2023-06-08,132.0,134.5,1192913
2023-06-09,129.8000030517578,129.5,887795
2023-06-12,130.5,130.10000610351562,895145
2023-06-13,128.10000610351562,129.0,1139869
2023-06-14,127.9000015258789,128.10000610351562,847487
2023-06-15,112.0,126.0,5317477
2023-06-16,118.80000305175781,120.0,5033293
2023-06-19,118.80000305175781,118.9000015258789,1610517
2023-06-20,117.30000305175781,119.30000305175781,1182837
2023-06-21,112.69999694824219,116.5999984741211,1359778
2023-06-23,109.0,112.0999984741211,495008
2023-06-26,110.5,108.80000305175781,1540689
2023-06-27,109.5999984741211,109.30000305175781,1115180
2023-06-28,108.30000305175781,109.0,1422825
2023-06-29,108.4000015258789,109.0,860309
2023-06-30,107.4000015258789,106.69999694824219,1136463
2023-07-03,108.19999694824219,106.69999694824219,921601
2023-07-04,118.19999694824219,108.4000015258789,2083572
2023-07-05,115.9000015258789,118.30000305175781,2580100
2023-07-06,114.69999694824219,116.0,1199135
2023-07-07,115.69999694824219,114.19999694824219,802761
2023-07-10,114.4000015258789,117.0,646296
2023-07-11,115.80000305175781,117.0999984741211,409845
2023-07-12,114.0999984741211,113.5999984741211,994850
2023-07-13,118.0,115.30000305175781,968211
2023-07-14,117.5,119.19999694824219,717667
2023-07-18,117.5,117.80000305175781,598875
2023-07-19,117.30000305175781,117.0999984741211,787863
2023-07-20,116.5999984741211,117.0,364657
2023-07-21,118.30000305175781,116.69999694824219,812726
2023-07-24,119.0999984741211,119.9000015258789,653708
2023-07-25,119.30000305175781,119.0999984741211,716478
2023-07-26,119.80000305175781,119.5,634953
2023-07-27,123.9000015258789,121.9000015258789,636600
2023-07-28,130.8000030517578,124.4000015258789,1362027
2023-07-31,130.0,134.89999389648438,1898320
2023-08-01,128.10000610351562,127.4000015258789,897785
2023-08-02,122.5999984741211,125.80000305175781,1368268
2023-08-03,118.5,117.0,2126706
2023-08-04,125.80000305175781,124.0999984741211,1210910
2023-08-07,116.5,122.5,1794924
2023-08-08,115.0999984741211,114.19999694824219,1928700
2023-08-09,118.4000015258789,116.0,1426256
2023-08-10,120.0999984741211,120.0,788419
2023-08-11,118.5,119.9000015258789,473857
2023-08-14,121.80000305175781,117.5,1140192
2023-08-15,124.80000305175781,121.5999984741211,1491261
2023-08-16,120.5999984741211,119.80000305175781,2119729
2023-08-17,116.30000305175781,116.5999984741211,1616187
2023-08-18,114.69999694824219,116.30000305175781,1232236
2023-08-21,115.69999694824219,114.69999694824219,1444640
2023-08-22,116.80000305175781,117.5,1021270
2023-08-23,117.9000015258789,116.80000305175781,1231500
2023-08-24,123.19999694824219,121.9000015258789,1553321
2023-08-25,119.0999984741211,121.0,1423796
2023-08-28,122.5,125.9000015258789,896295
2023-08-29,129.39999389648438,122.69999694824219,1911981
2023-08-30,130.89999389648438,129.39999389648438,870223
2023-08-31,127.19999694824219,128.5,2354842
2023-09-04,125.9000015258789,126.4000015258789,951883
2023-09-05,125.30000305175781,125.5999984741211,516995
2023-09-06,123.19999694824219,123.5999984741211,875105
2023-09-07,120.69999694824219,121.4000015258789,472805
2023-09-11,125.9000015258789,117.19999694824219,2213897
2023-09-12,127.5,128.0,767390
2023-09-13,124.0999984741211,126.80000305175781,778095
2023-09-14,121.69999694824219,122.0,1240900
2023-09-15,123.5999984741211,120.9000015258789,1904021
2023-09-18,124.9000015258789,121.5999984741211,2520798
2023-09-19,127.0,126.30000305175781,1178200
2023-09-20,121.0,126.9000015258789,2047834
2023-09-21,112.19999694824219,118.4000015258789,1710905
2023-09-22,114.80000305175781,112.0,1347690
2023-09-25,116.0999984741211,116.4000015258789,1399946
2023-09-26,113.0999984741211,115.0,1005901
2023-09-27,115.69999694824219,113.0,1871184
2023-09-28,112.30000305175781,117.19999694824219,927445
2023-09-29,107.5999984741211,111.0999984741211,657333
2023-10-03,105.4000015258789,107.5999984741211,461953
2023-10-04,102.19999694824219,105.0,643876
2023-10-05,101.69999694824219,101.9000015258789,854602
2023-10-06,104.5,102.0,292500
2023-10-09,105.69999694824219,105.4000015258789,655377
2023-10-10,104.5999984741211,104.5,816200
2023-10-11,110.4000015258789,105.9000015258789,1672301
2023-10-12,113.30000305175781,110.80000305175781,1706078
2023-10-13,107.5,107.4000015258789,2458908
2023-10-16,105.5999984741211,108.5999984741211,1373700
2023-10-17,104.5,105.5999984741211,921610
2023-10-18,101.30000305175781,104.5,609760
2023-10-19,99.05000305175781,101.0,551879
2023-10-20,94.6500015258789,95.94999694824219,1365837
2023-10-24,100.69999694824219,100.69999694824219,1595708
2023-10-25,102.19999694824219,103.0999984741211,853923
2023-10-26,99.5,101.0999984741211,766845
2023-10-27,105.0999984741211,100.4000015258789,2319125
2023-10-30,113.5,103.4000015258789,3149957
2023-10-31,113.30000305175781,113.5,1549819
2023-11-01,112.0,112.5,1530438
2023-11-02,109.80000305175781,112.0,1425325
2023-11-03,112.69999694824219,109.9000015258789,1713600
2023-11-06,123.5,113.80000305175781,4264371
2023-11-07,118.5,119.30000305175781,2947802
2023-11-08,120.0,120.19999694824219,2082151
2023-11-09,117.19999694824219,120.0,1736251
2023-11-10,117.0,116.80000305175781,1694912
2023-11-13,119.5999984741211,119.30000305175781,1284337
2023-11-14,118.5,120.19999694824219,1196643
2023-11-15,122.5,122.80000305175781,1952405
2023-11-16,115.5,118.5,2940306
2023-11-17,115.0,115.30000305175781,1422410
2023-11-20,113.80000305175781,114.0999984741211,2689880
2023-11-21,111.80000305175781,113.69999694824219,2348872
2023-11-22,111.5,111.69999694824219,1180018
2023-11-23,113.5,111.5,1432283
2023-11-24,109.80000305175781,113.5,604797
2023-11-27,111.0,110.4000015258789,950700
2023-11-28,110.0,110.5,1454647
2023-11-29,109.69999694824219,111.5,1080175
2023-11-30,111.9000015258789,109.69999694824219,2087125
2023-12-01,113.0,111.69999694824219,1778011
2023-12-04,109.5999984741211,113.0,2014328
2023-12-05,108.69999694824219,109.5999984741211,1730868
2023-12-06,110.80000305175781,109.80000305175781,764993
2023-12-07,108.9000015258789,110.19999694824219,840984
2023-12-08,106.69999694824219,109.69999694824219,1469921
2023-12-11,106.0999984741211,105.9000015258789,2019474
2023-12-12,106.19999694824219,106.0999984741211,1430531
2023-12-13,109.4000015258789,106.5,1135758
2023-12-14,110.0,109.9000015258789,1480301
2023-12-15,110.19999694824219,112.0,5595809
2023-12-18,107.80000305175781,110.0999984741211,1402421
2023-12-19,108.5999984741211,108.5999984741211,1003780
2023-12-20,110.0,110.5999984741211,1306519
2023-12-21,103.4000015258789,106.4000015258789,1504359
2023-12-22,103.19999694824219,104.69999694824219,1145609
2023-12-27,108.69999694824219,106.69999694824219,955603
2023-12-28,110.30000305175781,108.69999694824219,1163621
2023-12-29,110.0999984741211,108.5,1006368
2024-01-02,105.80000305175781,110.0,949217
2024-01-03,105.4000015258789,105.5,473843
2024-01-04,108.0,108.4000015258789,1275821
2024-01-05,98.0,105.69999694824219,2419390
2024-01-08,99.05000305175781,98.6500015258789,1409970
2024-01-09,103.0,101.9000015258789,1462462
2024-01-10,110.4000015258789,107.4000015258789,1838835
2024-01-11,105.5999984741211,105.69999694824219,1319898
2024-01-12,103.0999984741211,103.69999694824219,795086
2024-01-15,103.0,103.0,0
2024-01-16,102.69999694824219,104.19999694824219,661087
2024-01-17,99.25,103.30000305175781,2063866
2024-01-18,100.30000305175781,100.0999984741211,1461582
2024-01-19,95.4000015258789,100.0,2005664
2024-01-22,91.94999694824219,95.3499984741211,2228212
2024-01-23,94.8499984741211,93.1500015258789,2224784
2024-01-24,97.19999694824219,96.3499984741211,1707813
2024-01-25,96.6500015258789,96.44999694824219,1655416
2024-01-26,94.4000015258789,98.25,2889121
2024-01-29,96.5,96.25,1827007
2024-01-30,93.9000015258789,96.55000305175781,1991592
2024-01-31,90.55000305175781,92.30000305175781,2843274
2024-02-01,90.80000305175781,89.19999694824219,1872064
2024-02-02,84.3499984741211,91.19999694824219,3453312
2024-02-05,86.75,85.5,2874562
2024-02-06,88.8499984741211,85.94999694824219,3481994
2024-02-07,89.75,91.30000305175781,3012701
2024-02-08,86.6500015258789,89.69999694824219,1512977
2024-02-09,86.05000305175781,86.05000305175781,0
2024-02-14,86.6500015258789,85.75,673859
2024-02-15,89.05000305175781,86.75,575818
2024-02-16,90.5,88.0,853510
2024-02-19,89.6500015258789,88.0999984741211,1013770
2024-02-20,90.3499984741211,89.6500015258789,981063
2024-02-21,91.5,89.9000015258789,1095356
2024-02-22,92.5,91.44999694824219,872606
2024-02-23,94.1500015258789,92.5,753747
2024-02-26,93.5,94.1500015258789,782337
2024-02-27,99.0999984741211,96.80000305175781,2088437
2024-02-28,104.30000305175781,106.19999694824219,2676829
2024-02-29,106.0,106.19999694824219,2682073
2024-03-01,97.05000305175781,99.9000015258789,2559089
2024-03-04,99.4000015258789,98.44999694824219,1887966
2024-03-05,97.80000305175781,100.19999694824219,1602191
2024-03-06,97.05000305175781,97.3499984741211,1078882
2024-03-07,95.69999694824219,94.5,1043962
2024-03-08,97.0999984741211,97.69999694824219,962469
2024-03-11,97.9000015258789,95.4000015258789,823226
2024-03-12,101.80000305175781,99.0999984741211,1093015
2024-03-13,103.69999694824219,99.19999694824219,2514248
2024-03-14,106.5,106.80000305175781,4548556
2024-03-15,104.0,102.5999984741211,2934482
2024-03-18,103.0,103.9000015258789,1741961
2024-03-19,101.80000305175781,102.4000015258789,1410736
2024-03-20,102.5999984741211,102.9000015258789,1174852
2024-03-21,101.30000305175781,102.5999984741211,1254430
2024-03-22,92.44999694824219,99.1500015258789,2158100
2024-03-25,91.55000305175781,92.0,884020
2024-03-26,93.6500015258789,91.9000015258789,686458
2024-03-27,92.6500015258789,92.19999694824219,898183
2024-03-28,95.0999984741211,92.6500015258789,1366545
2024-04-02,93.8499984741211,94.80000305175781,1028481
2024-04-03,92.5999984741211,93.0,1124298
2024-04-05,90.69999694824219,92.5999984741211,365408
2024-04-08,90.05000305175781,91.0,760372
2024-04-09,91.4000015258789,90.05000305175781,891005
2024-04-10,93.19999694824219,92.0999984741211,729496
2024-04-11,88.55000305175781,90.5999984741211,1073700
2024-04-12,85.69999694824219,88.0,793622
2024-04-15,84.0,85.75,1046800
2024-04-16,82.0999984741211,82.5,1008363
2024-04-17,81.05000305175781,81.44999694824219,1127173
2024-04-18,79.19999694824219,79.94999694824219,1102180
2024-04-19,77.0,79.19999694824219,1811384
2024-04-22,79.6500015258789,77.9000015258789,1349585
2024-04-23,82.0,79.5999984741211,1668071
2024-04-24,87.0,83.05000305175781,1958781
2024-04-25,90.0,86.94999694824219,2635751
2024-04-26,91.94999694824219,90.30000305175781,1734600
2024-04-29,94.3499984741211,92.0,1629000
2024-04-30,94.5999984741211,94.3499984741211,1359821
2024-05-02,97.4000015258789,94.5999984741211,665729
2024-05-03,97.75,96.55000305175781,678300
2024-05-06,98.94999694824219,96.05000305175781,1542811
2024-05-07,97.5,98.5,951677
2024-05-08,94.80000305175781,97.5,1221598
2024-05-09,99.94999694824219,98.0,2553023
2024-05-10,99.9000015258789,101.5,1237417
2024-05-13,96.94999694824219,97.5,1164712
2024-05-14,98.8499984741211,97.94999694824219,941117
2024-05-16,101.9000015258789,99.0999984741211,2096498
2024-05-17,103.5999984741211,102.5999984741211,1644797
2024-05-20,105.4000015258789,102.19999694824219,914584
2024-05-21,100.69999694824219,105.30000305175781,1174344
2024-05-22,102.69999694824219,102.0,911045
2024-05-23,97.80000305175781,101.5,1145661
2024-05-24,91.69999694824219,95.0,2296400
2024-05-27,92.55000305175781,91.94999694824219,895272
2024-05-28,92.0,92.6500015258789,1004584
2024-05-29,90.1500015258789,92.5999984741211,835600
2024-05-30,90.4000015258789,90.4000015258789,825879
2024-05-31,88.55000305175781,93.69999694824219,3525034
2024-06-03,87.0,88.5999984741211,3662182
2024-06-04,89.6500015258789,87.5999984741211,1917893
2024-06-05,95.19999694824219,93.1500015258789,1258276
2024-06-06,94.9000015258789,96.1500015258789,675127
2024-06-07,95.3499984741211,94.9000015258789,685299
2024-06-11,93.55000305175781,94.4000015258789,793841
2024-06-12,92.80000305175781,94.3499984741211,781282
2024-06-13,99.4000015258789,99.44999694824219,1863337
2024-06-14,99.0999984741211,99.3499984741211,869600
2024-06-17,96.8499984741211,98.0,654737
2024-06-18,94.69999694824219,96.44999694824219,686832
2024-06-19,94.30000305175781,93.30000305175781,1124705
2024-06-20,93.05000305175781,93.80000305175781,517297
2024-06-21,91.5,92.5999984741211,1513017
2024-06-24,94.4000015258789,92.69999694824219,779578
2024-06-25,94.1500015258789,94.5999984741211,820516
2024-06-26,90.3499984741211,91.05000305175781,1382588
2024-06-27,85.19999694824219,88.5999984741211,1308900
2024-06-28,86.19999694824219,86.5999984741211,1685184
2024-07-02,85.69999694824219,86.5999984741211,1285710
2024-07-03,88.4000015258789,86.0,752141
2024-07-04,86.1500015258789,88.4000015258789,608653
2024-07-05,88.5999984741211,86.1500015258789,846201
2024-07-08,85.80000305175781,89.9000015258789,702033
2024-07-09,87.75,86.30000305175781,775741
2024-07-10,85.8499984741211,85.94999694824219,644036
2024-07-11,89.19999694824219,86.8499984741211,946987
2024-07-12,93.19999694824219,90.19999694824219,932417
2024-07-15,89.80000305175781,92.0,579189
2024-07-16,90.25,89.44999694824219,662416
2024-07-17,92.94999694824219,91.0,911597
2024-07-18,94.0,92.5,565031
2024-07-19,92.25,91.9000015258789,1289271
2024-07-22,94.5,93.4000015258789,832278
2024-07-23,92.75,96.0,768351
2024-07-24,93.1500015258789,93.0,881345
2024-07-25,95.80000305175781,96.5999984741211,1989846
2024-07-26,97.30000305175781,96.9000015258789,774268
2024-07-29,95.5999984741211,97.19999694824219,790953
2024-07-30,95.30000305175781,96.0,725589
2024-07-31,98.19999694824219,95.69999694824219,1323486
2024-08-01,99.5,99.94999694824219,602875
2024-08-02,97.0,98.30000305175781,753079
2024-08-05,99.25,96.05000305175781,1505586
2024-08-06,101.80000305175781,99.80000305175781,1403493
2024-08-07,103.4000015258789,102.5999984741211,1184287
2024-08-08,109.19999694824219,106.0,2054397
2024-08-09,109.9000015258789,109.9000015258789,1218540
2024-08-12,112.30000305175781,110.5999984741211,1269487
2024-08-13,113.80000305175781,113.5999984741211,1517699
2024-08-14,111.4000015258789,113.0,1141839
2024-08-15,115.0,111.4000015258789,1115754
2024-08-16,118.0,115.0,1683749
2024-08-19,117.0999984741211,118.0,1633028
2024-08-20,117.19999694824219,116.5,1953930
2024-08-21,118.80000305175781,117.19999694824219,1942047
2024-08-22,120.80000305175781,119.5999984741211,1600000
2024-08-23,116.5,118.5,2100819
2024-08-26,120.9000015258789,116.0,3136001
2024-08-27,121.80000305175781,120.9000015258789,1721064
2024-08-28,120.19999694824219,121.19999694824219,1660420
2024-08-29,119.0999984741211,119.0,1595322
2024-08-30,116.9000015258789,118.80000305175781,2901341
2024-09-02,114.30000305175781,116.80000305175781,2261707
2024-09-03,114.80000305175781,113.5999984741211,799334
2024-09-04,112.19999694824219,113.5999984741211,2278686
2024-09-05,115.0999984741211,112.5,1139204
2024-09-09,115.5999984741211,114.0,1995445
2024-09-10,116.19999694824219,116.0,940771
2024-09-11,125.0999984741211,118.69999694824219,2630468
2024-09-12,118.30000305175781,126.4000015258789,3460050
2024-09-13,120.4000015258789,119.80000305175781,1397800
2024-09-16,120.0,119.5999984741211,758832
2024-09-17,119.5999984741211,118.5,761342
2024-09-19,119.19999694824219,119.30000305175781,1891636
2024-09-20,123.19999694824219,119.19999694824219,11212496
2024-09-23,122.0999984741211,123.30000305175781,1770208
2024-09-24,124.5999984741211,122.0,1712274
2024-09-25,124.5999984741211,129.39999389648438,1704334
2024-09-26,128.39999389648438,124.5999984741211,1759492
2024-09-27,133.89999389648438,127.0999984741211,2622785
2024-09-30,144.6999969482422,135.0,4703925
2024-10-02,143.60000610351562,138.5,3362907
2024-10-03,140.6999969482422,140.10000610351562,2651600
2024-10-04,149.3000030517578,144.0,2485023
2024-10-07,150.3000030517578,151.10000610351562,2050000
2024-10-08,139.39999389648438,145.5,7611727
2024-10-09,144.6999969482422,140.0,5330663
2024-10-10,145.6999969482422,145.1999969482422,6197823
2024-10-14,138.3000030517578,142.8000030517578,3393936
2024-10-15,133.3000030517578,135.5,3199129
2024-10-16,134.0,131.0,1881070
2024-10-17,131.3000030517578,134.0,1502653
2024-10-18,131.8000030517578,128.0,3378324
2024-10-21,131.8000030517578,131.8000030517578,1563618
2024-10-22,130.8000030517578,130.89999389648438,899476
2024-10-23,133.8000030517578,132.0,1100292
2024-10-24,129.10000610351562,133.39999389648438,1146140
2024-10-25,128.3000030517578,128.5,2464847
2024-10-28,129.1999969482422,128.0,1060600
2024-10-29,131.3000030517578,129.5,1384089
2024-10-30,127.5999984741211,129.6999969482422,1748747
2024-10-31,121.80000305175781,123.5,2500197
2024-11-01,123.5999984741211,123.5999984741211,2016459
2024-11-04,123.9000015258789,123.5999984741211,1297540
2024-11-05,127.0999984741211,123.9000015258789,933455
2024-11-06,124.4000015258789,125.5,1548611
2024-11-07,121.80000305175781,121.80000305175781,1772681
2024-11-08,123.19999694824219,122.69999694824219,1190842
2024-11-11,125.19999694824219,123.0,1345361
2024-11-12,121.80000305175781,123.80000305175781,2874488
2024-11-13,119.0,117.80000305175781,2447438
2024-11-14,115.19999694824219,118.80000305175781,2107075
2024-11-15,113.9000015258789,115.5,1104827
2024-11-18,112.0999984741211,112.30000305175781,1707014
2024-11-19,113.0999984741211,111.0,1017944
2024-11-20,117.80000305175781,112.0,2652354
2024-11-21,116.9000015258789,116.30000305175781,2148305
2024-11-22,113.80000305175781,116.80000305175781,1459310
2024-11-25,115.5999984741211,113.80000305175781,2495292
2024-11-26,113.69999694824219,114.5,1841370
2024-11-27,121.9000015258789,114.5,2954619
2024-11-28,122.19999694824219,123.0,1418317
2024-11-29,128.8000030517578,122.19999694824219,3247318
2024-12-02,126.9000015258789,128.6999969482422,1513700
2024-12-03,123.30000305175781,124.4000015258789,2638234
2024-12-04,123.0999984741211,122.69999694824219,988551
2024-12-05,121.4000015258789,120.30000305175781,2009733
2024-12-06,124.0,121.4000015258789,2026402
2024-12-09,123.19999694824219,124.0,1692808
2024-12-10,116.19999694824219,124.4000015258789,3418324
2024-12-11,111.0,113.19999694824219,4152898
2024-12-12,108.69999694824219,111.5,2788100
2024-12-13,108.4000015258789,109.0,2023980
2024-12-16,105.4000015258789,109.0,2667941
2024-12-17,106.30000305175781,105.5,1959248
2024-12-18,107.4000015258789,106.80000305175781,1625200
2024-12-19,105.80000305175781,106.0,1424987
2024-12-20,104.69999694824219,105.80000305175781,2053245
2024-12-23,106.0999984741211,106.0,1255655
2024-12-24,107.30000305175781,107.30000305175781,0
2024-12-27,106.5999984741211,108.80000305175781,1431583
2024-12-30,109.19999694824219,107.9000015258789,1918061
2024-12-31,109.69999694824219,109.69999694824219,0
2025-01-02,107.80000305175781,109.9000015258789,1009691
2025-01-03,109.0999984741211,108.9000015258789,1229070
2025-01-06,107.19999694824219,108.5,1312709
2025-01-07,105.5999984741211,107.5999984741211,1388669
2025-01-08,104.5999984741211,105.19999694824219,841445
2025-01-09,110.0999984741211,106.0,1615286
2025-01-10,108.30000305175781,109.69999694824219,747256
2025-01-13,106.5999984741211,107.0,973937
2025-01-14,114.80000305175781,111.0,2770539
2025-01-15,118.19999694824219,119.0999984741211,3086311
2025-01-16,121.4000015258789,120.5999984741211,2704200
2025-01-17,123.9000015258789,122.9000015258789,2276322
2025-01-20,127.5999984741211,126.5,2487924
2025-01-21,129.6999969482422,129.0,1727000
2025-01-22,129.6999969482422,129.8000030517578,1540284
2025-01-23,130.39999389648438,133.1999969482422,1790112
2025-01-24,131.10000610351562,132.39999389648438,2240200
2025-01-27,133.89999389648438,132.0,1137098
2025-01-28,137.8000030517578,137.8000030517578,0
2025-02-03,135.0,133.0,957825
2025-02-04,138.39999389648438,135.39999389648438,873536
2025-02-05,137.10000610351562,135.0,2851779
2025-02-06,140.89999389648438,138.5,2166913
2025-02-07,138.0,137.0,3175021
2025-02-10,136.0,135.5,3087215
2025-02-11,133.60000610351562,132.8000030517578,2886568
2025-02-12,134.89999389648438,131.6999969482422,1750638
2025-02-13,131.39999389648438,134.1999969482422,2388049
2025-02-14,142.5,135.39999389648438,3174676
2025-02-17,143.60000610351562,142.3000030517578,3426262
2025-02-18,145.6999969482422,142.10000610351562,2873703
2025-02-19,143.5,144.10000610351562,2468152
2025-02-20,142.8000030517578,143.5,2874177
2025-02-21,158.8000030517578,146.39999389648438,5654934
2025-02-24,155.8000030517578,154.8000030517578,5545170
2025-02-25,157.8000030517578,152.6999969482422,4093750
2025-02-26,161.60000610351562,158.0,5299156
2025-02-27,161.60000610351562,157.0,5413383
2025-02-28,166.6999969482422,170.0,13649566
2025-03-03,159.60000610351562,166.6999969482422,7657541
2025-03-04,152.10000610351562,147.8000030517578,9504377
2025-03-05,156.3000030517578,155.5,4853234
2025-03-06,155.6999969482422,157.89999389648438,5322162
2025-03-07,152.1999969482422,155.39999389648438,13005094
2025-03-10,143.3000030517578,149.39999389648438,8129980
2025-03-11,147.89999389648438,144.10000610351562,5238114
2025-03-12,146.5,148.5,3024948
2025-03-13,149.39999389648438,147.6999969482422,3326575
2025-03-14,150.8000030517578,151.60000610351562,3259800
2025-03-17,153.6999969482422,152.3000030517578,2707883
2025-03-18,158.1999969482422,156.6999969482422,3763491
2025-03-19,155.3000030517578,157.60000610351562,3305161
2025-03-20,157.60000610351562,158.89999389648438,4353000
2025-03-21,155.5,158.0,4625678
2025-03-24,152.60000610351562,152.1999969482422,5388353
2025-03-25,152.60000610351562,149.89999389648438,2692018
2025-03-26,151.6999969482422,151.0,2237106
2025-03-27,159.60000610351562,151.60000610351562,4680199
2025-03-28,161.60000610351562,158.89999389648438,5056335
2025-03-31,166.1999969482422,164.5,6253574
2025-04-01,171.3000030517578,164.6999969482422,8727609
2025-04-02,164.89999389648438,164.3000030517578,7786875
2025-04-03,162.89999389648438,162.3000030517578,5736660
2025-04-07,125.69999694824219,139.5,17582494
2025-04-08,132.60000610351562,129.6999969482422,8852756
2025-04-09,129.6999969482422,122.0999984741211,14124777
2025-04-10,131.0,129.89999389648438,10019006
2025-04-11,136.6999969482422,127.80000305175781,10354582
2025-04-14,148.10000610351562,140.6999969482422,8542030
2025-04-15,145.0,146.60000610351562,5264737
2025-04-16,140.1999969482422,143.60000610351562,6729370
2025-04-17,139.6999969482422,137.60000610351562,4411356
2025-04-22,149.5,140.1999969482422,8204477
2025-04-23,151.5,155.0,5227164
2025-04-24,152.1999969482422,149.6999969482422,9639752
2025-04-25,149.39999389648438,153.0,5532127
2025-04-28,146.6999969482422,146.0,7043671
2025-04-29,149.0,147.39999389648438,3211845
2025-04-30,158.0,151.8000030517578,7357077
2025-05-02,152.89999389648438,154.3000030517578,2499851
2025-05-06,153.1999969482422,153.89999389648438,3966700
2025-05-07,141.0,148.3000030517578,10493026
2025-05-08,140.6999969482422,140.5,5066712
2025-05-09,140.39999389648438,140.6999969482422,3813041
2025-05-12,127.80000305175781,133.0,20088252
2025-05-13,133.5,136.60000610351562,10500009
2025-05-14,134.0,133.5,5441444
2025-05-15,133.5,131.5,4272775
2025-05-16,137.10000610351562,135.89999389648438,8895926
2025-05-19,138.5,135.6999969482422,3940608
2025-05-20,141.5,143.0,6510822
2025-05-21,145.5,144.0,5547669
2025-05-22,144.0,143.3000030517578,5619130
2025-05-23,145.6999969482422,147.60000610351562,7742356
2025-05-26,143.39999389648438,148.10000610351562,6198249
2025-05-27,146.0,144.8000030517578,3979310
2025-05-28,144.8000030517578,146.0,3418003
2025-05-29,148.89999389648438,146.6999969482422,5278807
2025-05-30,150.5,149.5,13463223
2025-06-02,147.10000610351562,148.0,4025279
2025-06-03,151.3000030517578,150.60000610351562,4375249
2025-06-04,155.89999389648438,151.5,9139668
2025-06-05,154.89999389648438,158.8000030517578,6752489
2025-06-06,156.10000610351562,156.39999389648438,4672756
2025-06-09,162.39999389648438,156.1999969482422,7067564
2025-06-10,160.0,161.6999969482422,8191719
2025-06-11,158.89999389648438,160.0,5954836
2025-06-12,168.5,159.3000030517578,9868489
2025-06-13,165.3000030517578,169.5,12138074
2025-06-16,160.6999969482422,164.60000610351562,9619765
2025-06-17,155.8000030517578,161.5,6328491
2025-06-18,154.60000610351562,153.3000030517578,3492180
2025-06-19,147.6999969482422,155.39999389648438,4617212
2025-06-20,148.8000030517578,149.5,6643091
2025-06-23,158.0,146.6999969482422,8047726
2025-06-24,160.89999389648438,157.60000610351562,8105944
2025-06-25,163.0,162.5,4828984
2025-06-26,162.3000030517578,161.6999969482422,4095462
2025-06-27,147.39999389648438,154.60000610351562,13724271
2025-06-30,147.8000030517578,146.6999969482422,4731255
2025-07-02,145.0,150.1999969482422,7752819
2025-07-03,149.3000030517578,146.8000030517578,6849510
2025-07-04,148.5,149.3000030517578,4125201
2025-07-07,146.1999969482422,148.3000030517578,2823713
2025-07-08,147.1999969482422,146.8000030517578,4481537
2025-07-09,150.39999389648438,146.8000030517578,5479621
2025-07-10,152.8000030517578,153.8000030517578,4827862
2025-07-11,154.10000610351562,152.5,4981212
2025-07-14,152.5,150.5,4870696
2025-07-15,164.39999389648438,153.89999389648438,7775719
2025-07-16,165.6999969482422,164.0,4971049
2025-07-17,183.3000030517578,170.39999389648438,11510592
2025-07-18,182.6999969482422,179.0,10527114
2025-07-21,175.60000610351562,179.5,8713416
2025-07-22,176.1999969482422,175.60000610351562,6150034
2025-07-23,180.89999389648438,179.89999389648438,5231633
2025-07-24,179.0,180.8000030517578,5640442
2025-07-25,176.1999969482422,178.89999389648438,4194962
2025-07-28,181.39999389648438,177.8000030517578,4744951
2025-07-29,185.89999389648438,180.0,9090808
2025-07-30,182.39999389648438,184.89999389648438,8008868
2025-07-31,181.39999389648438,182.0,5884957
2025-08-01,177.0,177.10000610351562,5655868
2025-08-04,182.60000610351562,179.0,5367773
2025-08-05,186.3000030517578,183.10000610351562,8601241
2025-08-06,182.6999969482422,186.8000030517578,5564481
2025-08-07,182.5,184.39999389648438,9131759
2025-08-08,171.3000030517578,178.5,9526521
2025-08-11,174.6999969482422,174.5,3902004
2025-08-12,171.8000030517578,174.1999969482422,3809010
2025-08-13,179.8000030517578,173.10000610351562,4432478
2025-08-14,185.0,185.8000030517578,4989978
2025-08-15,191.5,186.6999969482422,5622548
2025-08-18,193.6999969482422,193.6999969482422,4112212
2025-08-19,190.10000610351562,193.6999969482422,7213285
2025-08-20,184.3000030517578,188.6999969482422,5885987
2025-08-21,187.5,187.5,4568648
2025-08-22,187.39999389648438,190.3000030517578,3445793
2025-08-25,187.89999389648438,190.0,4553477
2025-08-26,183.6999969482422,190.0,5706594
2025-08-27,178.6999969482422,186.8000030517578,5740490
2025-08-28,177.1999969482422,179.1999969482422,6371603
2025-08-29,184.1999969482422,179.1999969482422,7073994
2025-09-01,194.5,186.60000610351562,7702670
2025-09-02,202.8000030517578,195.1999969482422,11276955
2025-09-03,202.8000030517578,201.1999969482422,7316451
2025-09-04,196.60000610351562,203.8000030517578,7519298
2025-09-05,202.0,194.8000030517578,9559523
2025-09-08,205.8000030517578,202.60000610351562,6799535
2025-09-09,210.0,205.60000610351562,6162650
2025-09-10,208.1999969482422,212.0,3959010
2025-09-11,193.8000030517578,188.8000030517578,20195739
2025-09-12,198.89999389648438,204.0,7803542
2025-09-15,200.0,196.8000030517578,6688695
2025-09-16,196.60000610351562,201.0,5383374
2025-09-17,198.60000610351562,195.8000030517578,5167251
2025-09-18,202.0,198.8000030517578,5261553
2025-09-19,200.8000030517578,205.0,10679423
2025-09-22,202.0,200.8000030517578,4617986
2025-09-23,196.3000030517578,200.0,4840834
2025-09-24,196.6999969482422,196.1999969482422,2952321
2025-09-25,199.89999389648438,196.6999969482422,3466993
2025-09-26,196.1999969482422,192.89999389648438,8345777
2025-09-29,196.0,197.6999969482422,3320687
2025-09-30,205.1999969482422,196.1999969482422,5551381
2025-10-02,210.39999389648438,205.1999969482422,3256629
2025-10-03,205.39999389648438,208.0,1762900
2025-10-06,205.1999969482422,205.39999389648438,772300
2025-10-08,209.60000610351562,205.60000610351562,2437933
2025-10-09,201.0,210.60000610351562,4605184
2025-10-10,196.6999969482422,201.0,4947537
2025-10-13,192.89999389648438,190.0,5463342
2025-10-14,185.8000030517578,194.89999389648438,5865174
2025-10-15,187.60000610351562,190.0,4370678
2025-10-16,190.0,188.39999389648438,3888774
2025-10-17,183.0,191.5,3735083
2025-10-20,188.1999969482422,188.60000610351562,2925983
2025-10-21,190.0,190.89999389648438,1975192
2025-10-22,185.5,190.0,3246335
2025-10-23,185.0,186.60000610351562,3866902
2025-10-24,184.89999389648438,185.89999389648438,1895334
2025-10-27,188.1999969482422,188.0,2288674
2025-10-28,187.8000030517578,189.8000030517578,2055154
2025-10-30,185.0,189.60000610351562,5043319
